location_id,state,county,lat,lon,tiv,construction,occupancy,deductible_pct,deductible,limit
LOC00001,FL,Hillsborough,27.8758,-82.3089,197488,Wood Frame,Condo,0.1,19749,197488
LOC00002,FL,Palm Beach,26.7424,-80.243,1890148,Masonry,Single Family,0.05,94507,1890148
LOC00003,FL,Collier,26.1035,-81.5203,339041,Wood Frame,Single Family,0.05,16952,339041
LOC00004,FL,Pinellas,27.8717,-82.7236,819808,Reinforced Concrete,Single Family,0.05,40990,819808
LOC00005,FL,Miami-Dade,25.5994,-80.4307,333213,Masonry,Condo,0.02,6664,333213
LOC00006,FL,Monroe,24.8223,-80.9895,339530,Masonry,Single Family,0.05,16976,339530
LOC00007,FL,Hillsborough,28.0117,-82.1303,214203,Masonry,Condo,0.1,21420,214203
LOC00008,FL,Hillsborough,27.85,-82.434,384651,Manufactured,Mobile Home,0.05,19233,384651
LOC00009,FL,Miami-Dade,25.5058,-80.323,453915,Masonry,Single Family,0.02,9078,453915
LOC00010,FL,Palm Beach,26.7605,-80.3893,181312,Masonry,Single Family,0.05,9066,181312
LOC00011,FL,Broward,26.1088,-80.2783,313893,Masonry,Single Family,0.1,31389,313893
LOC00012,FL,Monroe,24.6583,-80.8425,209604,Masonry,Single Family,0.1,20960,209604
LOC00013,FL,Pinellas,27.9444,-82.6511,2363160,Masonry,Single Family,0.05,118158,2363160
LOC00014,FL,Collier,26.1463,-81.5829,323259,Masonry,Single Family,0.05,16163,323259
LOC00015,FL,Palm Beach,26.4969,-80.256,1260986,Reinforced Concrete,Single Family,0.05,63049,1260986
LOC00016,FL,Broward,26.1729,-80.2969,295980,Wood Frame,Single Family,0.1,29598,295980
LOC00017,FL,Lee,26.6236,-81.9252,432261,Masonry,Single Family,0.1,43226,432261
LOC00018,FL,Miami-Dade,25.6474,-80.4786,115937,Wood Frame,Single Family,0.1,11594,115937
LOC00019,FL,Collier,26.1632,-81.629,240074,Masonry,Single Family,0.05,12004,240074
LOC00020,FL,Pinellas,27.7596,-82.6802,415067,Masonry,Single Family,0.02,8301,415067
LOC00021,FL,Hillsborough,27.9831,-82.3767,1304524,Wood Frame,Single Family,0.05,65226,1304524
LOC00022,FL,Broward,26.1197,-80.3806,419042,Masonry,Condo,0.02,8381,419042
LOC00023,FL,Monroe,24.7517,-81.136,1102330,Masonry,Single Family,0.02,22047,1102330
LOC00024,FL,Collier,26.1871,-81.5609,593835,Wood Frame,Single Family,0.05,29692,593835
LOC00025,FL,Hillsborough,28.0979,-82.2455,1350269,Manufactured,Mobile Home,0.05,67513,1350269
LOC00026,FL,Miami-Dade,25.7894,-80.3768,331624,Reinforced Concrete,Single Family,0.1,33162,331624
LOC00027,FL,Palm Beach,26.7815,-80.1035,2548219,Masonry,Single Family,0.05,127411,2548219
LOC00028,FL,Miami-Dade,25.599,-80.3912,232535,Masonry,Single Family,0.1,23254,232535
LOC00029,FL,Miami-Dade,25.6453,-80.3608,184019,Masonry,Single Family,0.05,9201,184019
LOC00030,FL,Pinellas,27.9767,-82.6696,127195,Reinforced Concrete,Single Family,0.05,6360,127195
LOC00031,FL,Hillsborough,27.9621,-82.3092,2425673,Masonry,Condo,0.02,48513,2425673
LOC00032,FL,Monroe,24.8131,-81.0531,689105,Masonry,Condo,0.05,34455,689105
LOC00033,FL,Broward,26.2324,-80.0786,263746,Masonry,Single Family,0.02,5275,263746
LOC00034,FL,Broward,26.1441,-80.3452,985391,Masonry,Single Family,0.02,19708,985391
LOC00035,FL,Palm Beach,26.5771,-80.2666,617513,Masonry,Single Family,0.02,12350,617513
LOC00036,FL,Miami-Dade,25.5686,-80.3566,1790173,Reinforced Concrete,Single Family,0.1,179017,1790173
LOC00037,FL,Miami-Dade,25.6734,-80.3748,96015,Masonry,Single Family,0.05,4801,96015
LOC00038,FL,Palm Beach,26.6503,-80.3405,279285,Masonry,Condo,0.1,27928,279285
LOC00039,FL,Broward,26.184,-80.1877,237006,Manufactured,Mobile Home,0.1,23701,237006
LOC00040,FL,Pinellas,27.967,-82.7094,67354,Masonry,Single Family,0.1,6735,67354
LOC00041,FL,Palm Beach,26.6125,-80.3111,842134,Reinforced Concrete,Single Family,0.02,16843,842134
LOC00042,FL,Collier,26.1756,-81.4811,278116,Reinforced Concrete,Single Family,0.1,27812,278116
LOC00043,FL,Pinellas,27.9379,-82.6374,644801,Masonry,Single Family,0.1,64480,644801
LOC00044,FL,Broward,26.0265,-80.4265,2484429,Manufactured,Mobile Home,0.1,248443,2484429
LOC00045,FL,Collier,26.2442,-81.4223,259580,Masonry,Single Family,0.02,5192,259580
LOC00046,FL,Hillsborough,27.8999,-82.2341,245311,Wood Frame,Condo,0.02,4906,245311
LOC00047,FL,Palm Beach,26.4845,-80.201,384504,Masonry,Condo,0.1,38450,384504
LOC00048,FL,Broward,26.0455,-80.141,792424,Manufactured,Mobile Home,0.02,15848,792424
LOC00049,FL,Pinellas,27.7979,-82.6841,217313,Reinforced Concrete,Single Family,0.05,10866,217313
LOC00050,FL,Miami-Dade,25.6152,-80.4028,205994,Masonry,Single Family,0.05,10300,205994
LOC00051,FL,Miami-Dade,25.5826,-80.466,839937,Wood Frame,Condo,0.02,16799,839937
LOC00052,FL,Miami-Dade,25.5763,-80.3418,477420,Masonry,Condo,0.02,9548,477420
LOC00053,FL,Hillsborough,28.012,-82.2523,63485,Masonry,Single Family,0.1,6348,63485
LOC00054,FL,Pinellas,27.934,-82.6985,125581,Reinforced Concrete,Condo,0.1,12558,125581
LOC00055,FL,Pinellas,27.9316,-82.779,1215632,Wood Frame,Single Family,0.1,121563,1215632
LOC00056,FL,Hillsborough,27.991,-82.287,486767,Masonry,Single Family,0.02,9735,486767
LOC00057,FL,Palm Beach,26.7116,-80.207,184673,Masonry,Condo,0.02,3693,184673
LOC00058,FL,Lee,26.3392,-82.0333,302259,Reinforced Concrete,Single Family,0.05,15113,302259
LOC00059,FL,Miami-Dade,25.5736,-80.5472,352193,Wood Frame,Single Family,0.05,17610,352193
LOC00060,FL,Miami-Dade,25.392,-80.3435,642712,Manufactured,Mobile Home,0.02,12854,642712
LOC00061,FL,Pinellas,27.9036,-82.9602,112430,Reinforced Concrete,Condo,0.05,5622,112430
LOC00062,FL,Palm Beach,26.6495,-80.1795,172954,Masonry,Condo,0.1,17295,172954
LOC00063,FL,Lee,26.6546,-81.9478,437208,Masonry,Single Family,0.05,21860,437208
LOC00064,FL,Hillsborough,28.0688,-82.1692,320551,Manufactured,Mobile Home,0.05,16028,320551
LOC00065,FL,Pinellas,27.9203,-82.7493,560743,Wood Frame,Single Family,0.05,28037,560743
LOC00066,FL,Lee,26.5,-81.8341,125152,Masonry,Single Family,0.02,2503,125152
LOC00067,FL,Lee,26.5985,-81.9397,468946,Masonry,Single Family,0.02,9379,468946
LOC00068,FL,Broward,26.0972,-80.2886,864336,Masonry,Condo,0.05,43217,864336
LOC00069,FL,Miami-Dade,25.6099,-80.3263,522415,Manufactured,Mobile Home,0.05,26121,522415
LOC00070,FL,Palm Beach,26.7486,-80.2463,391105,Masonry,Condo,0.05,19555,391105
LOC00071,FL,Miami-Dade,25.5542,-80.3003,321607,Masonry,Single Family,0.1,32161,321607
LOC00072,FL,Palm Beach,26.7306,-80.2994,173834,Masonry,Single Family,0.02,3477,173834
LOC00073,FL,Collier,26.1677,-81.5705,328066,Wood Frame,Single Family,0.02,6561,328066
LOC00074,FL,Broward,26.0545,-80.2077,994194,Masonry,Single Family,0.02,19884,994194
LOC00075,FL,Miami-Dade,25.7074,-80.334,315469,Wood Frame,Single Family,0.02,6309,315469
LOC00076,FL,Broward,26.2199,-80.1084,166060,Reinforced Concrete,Single Family,0.05,8303,166060
LOC00077,FL,Broward,26.1602,-80.3763,231212,Reinforced Concrete,Condo,0.1,23121,231212
LOC00078,FL,Pinellas,27.8238,-82.8379,411734,Masonry,Condo,0.1,41173,411734
LOC00079,FL,Lee,26.4641,-81.9994,255236,Wood Frame,Condo,0.05,12762,255236
LOC00080,FL,Hillsborough,27.8962,-82.234,521756,Wood Frame,Single Family,0.05,26088,521756
LOC00081,FL,Pinellas,27.9543,-82.6502,538321,Masonry,Single Family,0.02,10766,538321
LOC00082,FL,Palm Beach,26.5544,-80.1898,730176,Reinforced Concrete,Single Family,0.05,36509,730176
LOC00083,FL,Hillsborough,27.9938,-82.4123,1139506,Masonry,Single Family,0.05,56975,1139506
LOC00084,FL,Miami-Dade,25.4858,-80.3233,798125,Wood Frame,Single Family,0.1,79812,798125
LOC00085,FL,Miami-Dade,25.5896,-80.5225,160029,Wood Frame,Single Family,0.05,8001,160029
LOC00086,FL,Miami-Dade,25.621,-80.2841,164172,Wood Frame,Single Family,0.02,3283,164172
LOC00087,FL,Hillsborough,28.1945,-82.0143,327038,Reinforced Concrete,Condo,0.02,6541,327038
LOC00088,FL,Palm Beach,26.5123,-80.1634,239255,Masonry,Single Family,0.02,4785,239255
LOC00089,FL,Miami-Dade,25.7572,-80.3417,135022,Masonry,Single Family,0.1,13502,135022
LOC00090,FL,Palm Beach,26.665,-80.2493,241152,Masonry,Single Family,0.02,4823,241152
LOC00091,FL,Miami-Dade,25.6511,-80.581,234651,Reinforced Concrete,Single Family,0.02,4693,234651
LOC00092,FL,Pinellas,27.9118,-82.7603,199100,Masonry,Single Family,0.02,3982,199100
LOC00093,FL,Palm Beach,26.6945,-80.3093,267802,Reinforced Concrete,Single Family,0.1,26780,267802
LOC00094,FL,Palm Beach,26.6346,-80.3447,929162,Reinforced Concrete,Single Family,0.05,46458,929162
LOC00095,FL,Broward,26.2954,-80.1278,411182,Masonry,Single Family,0.05,20559,411182
LOC00096,FL,Pinellas,27.8544,-82.6727,2727321,Manufactured,Mobile Home,0.05,136366,2727321
LOC00097,FL,Broward,26.2632,-80.262,401463,Reinforced Concrete,Single Family,0.02,8029,401463
LOC00098,FL,Miami-Dade,25.5456,-80.4309,273599,Masonry,Single Family,0.1,27360,273599
LOC00099,FL,Miami-Dade,25.604,-80.4173,349534,Masonry,Single Family,0.02,6991,349534
LOC00100,FL,Monroe,24.6928,-80.9035,431256,Wood Frame,Single Family,0.02,8625,431256
LOC00101,FL,Collier,26.1455,-81.6032,500462,Masonry,Single Family,0.05,25023,500462
LOC00102,FL,Pinellas,28.0445,-82.6469,1962814,Wood Frame,Condo,0.02,39256,1962814
LOC00103,FL,Broward,26.1423,-80.3196,172325,Wood Frame,Single Family,0.02,3446,172325
LOC00104,FL,Monroe,24.7803,-81.0342,712202,Wood Frame,Single Family,0.1,71220,712202
LOC00105,FL,Hillsborough,27.8385,-82.4407,414106,Masonry,Single Family,0.05,20705,414106
LOC00106,FL,Pinellas,27.8771,-82.8978,94173,Masonry,Single Family,0.02,1883,94173
LOC00107,FL,Palm Beach,26.4907,-80.2262,661697,Masonry,Single Family,0.05,33085,661697
LOC00108,FL,Broward,26.0587,-80.2944,1000770,Masonry,Single Family,0.05,50038,1000770
LOC00109,FL,Miami-Dade,25.6327,-80.5286,170633,Reinforced Concrete,Single Family,0.02,3413,170633
LOC00110,FL,Collier,26.2319,-81.6034,345752,Manufactured,Mobile Home,0.02,6915,345752
LOC00111,FL,Palm Beach,26.9309,-80.1946,82823,Reinforced Concrete,Condo,0.05,4141,82823
LOC00112,FL,Miami-Dade,25.5513,-80.6156,122136,Manufactured,Mobile Home,0.05,6107,122136
LOC00113,FL,Broward,26.2935,-80.3915,833556,Wood Frame,Single Family,0.1,83356,833556
LOC00114,FL,Lee,26.5744,-81.8593,236238,Masonry,Condo,0.05,11812,236238
LOC00115,FL,Miami-Dade,25.5949,-80.3613,138382,Masonry,Single Family,0.02,2768,138382
LOC00116,FL,Collier,26.1433,-81.7154,421659,Masonry,Single Family,0.05,21083,421659
LOC00117,FL,Hillsborough,27.9562,-82.2842,225478,Manufactured,Mobile Home,0.05,11274,225478
LOC00118,FL,Pinellas,27.911,-82.5978,235374,Masonry,Single Family,0.02,4707,235374
LOC00119,FL,Palm Beach,26.6092,-80.1223,644638,Masonry,Condo,0.05,32232,644638
LOC00120,FL,Pinellas,27.7602,-82.7095,132417,Wood Frame,Condo,0.02,2648,132417
LOC00121,FL,Lee,26.3956,-81.9468,163922,Masonry,Single Family,0.1,16392,163922
LOC00122,FL,Pinellas,27.9653,-82.7629,396010,Masonry,Condo,0.1,39601,396010
LOC00123,FL,Miami-Dade,25.5823,-80.3532,780743,Masonry,Single Family,0.05,39037,780743
LOC00124,FL,Palm Beach,26.5904,-80.1805,976520,Manufactured,Mobile Home,0.1,97652,976520
LOC00125,FL,Miami-Dade,25.6109,-80.3371,200228,Reinforced Concrete,Condo,0.1,20023,200228
LOC00126,FL,Palm Beach,26.7295,-80.1868,760196,Wood Frame,Single Family,0.02,15204,760196
LOC00127,FL,Broward,26.168,-80.2181,181330,Wood Frame,Single Family,0.05,9066,181330
LOC00128,FL,Miami-Dade,25.5444,-80.3905,1593324,Wood Frame,Single Family,0.05,79666,1593324
LOC00129,FL,Miami-Dade,25.7326,-80.3215,135535,Wood Frame,Single Family,0.02,2711,135535
LOC00130,FL,Lee,26.7079,-81.8129,1052781,Wood Frame,Single Family,0.05,52639,1052781
LOC00131,FL,Miami-Dade,25.6595,-80.4805,201663,Masonry,Condo,0.02,4033,201663
LOC00132,FL,Monroe,24.8974,-81.1808,1861795,Masonry,Single Family,0.1,186180,1861795
LOC00133,FL,Lee,26.6742,-81.7457,569903,Masonry,Condo,0.05,28495,569903
LOC00134,FL,Broward,26.263,-80.2743,149496,Masonry,Single Family,0.05,7475,149496
LOC00135,FL,Lee,26.6114,-82.0714,225511,Wood Frame,Single Family,0.05,11276,225511
LOC00136,FL,Miami-Dade,25.6698,-80.4714,667497,Masonry,Single Family,0.02,13350,667497
LOC00137,FL,Monroe,24.852,-80.9228,836765,Wood Frame,Condo,0.1,83676,836765
LOC00138,FL,Palm Beach,26.5403,-80.228,328417,Reinforced Concrete,Single Family,0.02,6568,328417
LOC00139,FL,Hillsborough,28.0201,-82.3512,361528,Wood Frame,Single Family,0.02,7231,361528
LOC00140,FL,Miami-Dade,25.4744,-80.2599,654931,Masonry,Single Family,0.05,32747,654931
LOC00141,FL,Palm Beach,26.5705,-80.3047,388731,Reinforced Concrete,Condo,0.05,19437,388731
LOC00142,FL,Palm Beach,26.7804,-80.2798,118658,Masonry,Single Family,0.05,5933,118658
LOC00143,FL,Monroe,24.884,-80.9789,177029,Masonry,Single Family,0.02,3541,177029
LOC00144,FL,Lee,26.6987,-81.861,423651,Masonry,Condo,0.05,21183,423651
LOC00145,FL,Palm Beach,26.6228,-80.1504,958255,Wood Frame,Condo,0.02,19165,958255
LOC00146,FL,Broward,26.0348,-80.2089,1337493,Masonry,Single Family,0.02,26750,1337493
LOC00147,FL,Broward,26.126,-80.2801,666580,Reinforced Concrete,Single Family,0.05,33329,666580
LOC00148,FL,Lee,26.5602,-81.8511,442457,Reinforced Concrete,Single Family,0.02,8849,442457
LOC00149,FL,Palm Beach,26.6579,-80.2259,649750,Masonry,Single Family,0.02,12995,649750
LOC00150,FL,Miami-Dade,25.7234,-80.3937,199947,Masonry,Condo,0.05,9997,199947
LOC00151,FL,Collier,26.0639,-81.5892,306613,Masonry,Single Family,0.05,15331,306613
LOC00152,FL,Collier,26.1352,-81.5785,175392,Masonry,Single Family,0.02,3508,175392
LOC00153,FL,Miami-Dade,25.5111,-80.3227,123163,Masonry,Single Family,0.05,6158,123163
LOC00154,FL,Lee,26.595,-81.8445,459830,Wood Frame,Single Family,0.02,9197,459830
LOC00155,FL,Miami-Dade,25.6103,-80.3956,406510,Wood Frame,Single Family,0.1,40651,406510
LOC00156,FL,Pinellas,27.825,-82.7809,617493,Masonry,Single Family,0.02,12350,617493
LOC00157,FL,Broward,26.1264,-80.2932,548851,Wood Frame,Single Family,0.02,10977,548851
LOC00158,FL,Pinellas,27.8816,-82.7028,426313,Manufactured,Mobile Home,0.05,21316,426313
LOC00159,FL,Hillsborough,27.923,-82.2807,553672,Wood Frame,Condo,0.02,11073,553672
LOC00160,FL,Hillsborough,28.1271,-82.0793,336172,Wood Frame,Single Family,0.02,6723,336172
LOC00161,FL,Miami-Dade,25.6002,-80.4524,491231,Reinforced Concrete,Single Family,0.02,9825,491231
LOC00162,FL,Monroe,24.7756,-80.9578,190300,Wood Frame,Single Family,0.05,9515,190300
LOC00163,FL,Broward,25.9403,-80.1932,473882,Wood Frame,Single Family,0.05,23694,473882
LOC00164,FL,Miami-Dade,25.5206,-80.3902,607683,Masonry,Single Family,0.05,30384,607683
LOC00165,FL,Lee,26.5237,-81.6662,199460,Wood Frame,Condo,0.05,9973,199460
LOC00166,FL,Broward,26.0814,-80.3378,363694,Reinforced Concrete,Single Family,0.05,18185,363694
LOC00167,FL,Collier,26.2382,-81.5676,207260,Reinforced Concrete,Single Family,0.1,20726,207260
LOC00168,FL,Hillsborough,27.9335,-82.3799,224711,Masonry,Single Family,0.05,11236,224711
LOC00169,FL,Broward,26.2788,-80.3352,136537,Masonry,Single Family,0.1,13654,136537
LOC00170,FL,Monroe,24.8062,-80.9751,999231,Manufactured,Mobile Home,0.05,49962,999231
LOC00171,FL,Broward,26.1537,-80.2154,845899,Masonry,Single Family,0.05,42295,845899
LOC00172,FL,Palm Beach,26.6411,-80.1681,544900,Wood Frame,Condo,0.02,10898,544900
LOC00173,FL,Broward,26.1504,-80.1741,1799240,Masonry,Condo,0.05,89962,1799240
LOC00174,FL,Monroe,24.9719,-81.0095,297556,Wood Frame,Single Family,0.02,5951,297556
LOC00175,FL,Miami-Dade,25.378,-80.4332,4347111,Wood Frame,Single Family,0.05,217356,4347111
LOC00176,FL,Miami-Dade,25.4098,-80.1296,288221,Masonry,Single Family,0.02,5764,288221
LOC00177,FL,Palm Beach,26.5957,-80.1606,430790,Wood Frame,Condo,0.02,8616,430790
LOC00178,FL,Monroe,24.8015,-81.0719,250132,Wood Frame,Single Family,0.1,25013,250132
LOC00179,FL,Collier,26.169,-81.6694,474917,Masonry,Single Family,0.05,23746,474917
LOC00180,FL,Hillsborough,27.9973,-82.3943,698443,Masonry,Condo,0.05,34922,698443
LOC00181,FL,Collier,26.0616,-81.5063,316815,Wood Frame,Condo,0.05,15841,316815
LOC00182,FL,Collier,26.2019,-81.6364,1529009,Wood Frame,Single Family,0.05,76450,1529009
LOC00183,FL,Palm Beach,26.753,-80.1873,425074,Wood Frame,Single Family,0.1,42507,425074
LOC00184,FL,Broward,26.1684,-80.3064,436310,Wood Frame,Condo,0.05,21816,436310
LOC00185,FL,Hillsborough,28.0463,-82.2269,163427,Reinforced Concrete,Single Family,0.05,8171,163427
LOC00186,FL,Pinellas,27.9273,-82.7847,493529,Reinforced Concrete,Condo,0.05,24676,493529
LOC00187,FL,Broward,26.0939,-80.4076,311554,Masonry,Single Family,0.05,15578,311554
LOC00188,FL,Miami-Dade,25.6798,-80.3776,209928,Masonry,Single Family,0.05,10496,209928
LOC00189,FL,Hillsborough,27.9611,-82.2399,182491,Masonry,Condo,0.1,18249,182491
LOC00190,FL,Broward,26.1501,-80.2667,3221324,Masonry,Single Family,0.05,161066,3221324
LOC00191,FL,Monroe,24.9473,-81.0809,279723,Wood Frame,Single Family,0.05,13986,279723
LOC00192,FL,Broward,25.9049,-80.2323,103559,Wood Frame,Single Family,0.05,5178,103559
LOC00193,FL,Miami-Dade,25.4682,-80.4744,194776,Masonry,Single Family,0.05,9739,194776
LOC00194,FL,Collier,25.9813,-81.6522,333694,Masonry,Condo,0.1,33369,333694
LOC00195,FL,Miami-Dade,25.5737,-80.4944,549105,Wood Frame,Single Family,0.05,27455,549105
LOC00196,FL,Miami-Dade,25.5845,-80.2699,552834,Masonry,Single Family,0.05,27642,552834
LOC00197,FL,Lee,26.3993,-81.8367,611844,Masonry,Single Family,0.05,30592,611844
LOC00198,FL,Collier,26.0015,-81.5395,203624,Manufactured,Mobile Home,0.05,10181,203624
LOC00199,FL,Miami-Dade,25.5239,-80.2753,462476,Masonry,Single Family,0.02,9250,462476
LOC00200,FL,Broward,26.3957,-80.0187,167971,Manufactured,Mobile Home,0.05,8399,167971
LOC00201,FL,Hillsborough,28.1302,-82.4709,207945,Masonry,Condo,0.1,20794,207945
LOC00202,FL,Monroe,24.7588,-81.0738,162246,Masonry,Single Family,0.05,8112,162246
LOC00203,FL,Palm Beach,26.6136,-80.2616,129510,Masonry,Condo,0.02,2590,129510
LOC00204,FL,Miami-Dade,25.4951,-80.4851,844860,Wood Frame,Condo,0.05,42243,844860
LOC00205,FL,Miami-Dade,25.4192,-80.5078,617986,Wood Frame,Single Family,0.05,30899,617986
LOC00206,FL,Broward,26.1383,-80.33,785473,Reinforced Concrete,Single Family,0.02,15709,785473
LOC00207,FL,Miami-Dade,25.5102,-80.5217,359923,Masonry,Condo,0.05,17996,359923
LOC00208,FL,Pinellas,27.8915,-82.6665,665071,Wood Frame,Condo,0.05,33254,665071
LOC00209,FL,Miami-Dade,25.45,-80.3948,80382,Masonry,Condo,0.1,8038,80382
LOC00210,FL,Palm Beach,26.5738,-80.1519,714602,Manufactured,Mobile Home,0.02,14292,714602
LOC00211,FL,Pinellas,27.9149,-82.6492,403679,Reinforced Concrete,Single Family,0.02,8074,403679
LOC00212,FL,Lee,26.5866,-81.8397,587139,Masonry,Condo,0.05,29357,587139
LOC00213,FL,Miami-Dade,25.6517,-80.4373,477971,Reinforced Concrete,Condo,0.02,9559,477971
LOC00214,FL,Hillsborough,27.818,-82.0879,153144,Masonry,Single Family,0.05,7657,153144
LOC00215,FL,Pinellas,27.9855,-82.6766,100079,Masonry,Single Family,0.05,5004,100079
LOC00216,FL,Hillsborough,27.87,-82.4862,192546,Masonry,Single Family,0.02,3851,192546
LOC00217,FL,Miami-Dade,25.6733,-80.5002,557512,Wood Frame,Condo,0.05,27876,557512
LOC00218,FL,Miami-Dade,25.6089,-80.5741,618748,Masonry,Single Family,0.1,61875,618748
LOC00219,FL,Monroe,24.6624,-80.9983,111528,Masonry,Condo,0.05,5576,111528
LOC00220,FL,Palm Beach,26.6184,-80.2122,153906,Wood Frame,Single Family,0.05,7695,153906
LOC00221,FL,Broward,26.1865,-80.3468,190762,Reinforced Concrete,Single Family,0.05,9538,190762
LOC00222,FL,Palm Beach,26.7113,-79.9989,258704,Masonry,Single Family,0.02,5174,258704
LOC00223,FL,Pinellas,27.8859,-82.6451,112076,Wood Frame,Single Family,0.02,2242,112076
LOC00224,FL,Monroe,24.9532,-80.9274,106615,Masonry,Condo,0.05,5331,106615
LOC00225,FL,Broward,26.2508,-80.3931,175728,Reinforced Concrete,Single Family,0.05,8786,175728
LOC00226,FL,Monroe,24.7743,-81.0999,374267,Manufactured,Mobile Home,0.02,7485,374267
LOC00227,FL,Miami-Dade,25.685,-80.3963,130353,Reinforced Concrete,Single Family,0.02,2607,130353
LOC00228,FL,Lee,26.7434,-81.8827,316317,Manufactured,Mobile Home,0.1,31632,316317
LOC00229,FL,Pinellas,28.096,-82.8856,840891,Masonry,Single Family,0.02,16818,840891
LOC00230,FL,Miami-Dade,25.4872,-80.418,117843,Reinforced Concrete,Single Family,0.05,5892,117843
LOC00231,FL,Miami-Dade,25.5173,-80.3986,293325,Reinforced Concrete,Single Family,0.05,14666,293325
LOC00232,FL,Palm Beach,26.7985,-80.2215,817560,Reinforced Concrete,Single Family,0.05,40878,817560
LOC00233,FL,Monroe,24.6942,-81.0813,245901,Reinforced Concrete,Single Family,0.02,4918,245901
LOC00234,FL,Lee,26.4177,-81.954,216058,Masonry,Condo,0.02,4321,216058
LOC00235,FL,Monroe,24.7514,-81.0177,917665,Masonry,Single Family,0.05,45883,917665
LOC00236,FL,Hillsborough,27.992,-82.2909,269948,Masonry,Single Family,0.05,13497,269948
LOC00237,FL,Palm Beach,26.6398,-80.1395,873678,Masonry,Single Family,0.02,17474,873678
LOC00238,FL,Hillsborough,27.8849,-82.1919,497849,Wood Frame,Single Family,0.05,24892,497849
LOC00239,FL,Miami-Dade,25.5426,-80.4294,261837,Masonry,Condo,0.05,13092,261837
LOC00240,FL,Miami-Dade,25.5388,-80.4456,519324,Reinforced Concrete,Single Family,0.02,10386,519324
LOC00241,FL,Collier,26.012,-81.5562,454842,Masonry,Condo,0.05,22742,454842
LOC00242,FL,Hillsborough,28.1782,-82.2389,814928,Manufactured,Mobile Home,0.02,16299,814928
LOC00243,FL,Broward,26.1798,-80.3434,220662,Reinforced Concrete,Single Family,0.05,11033,220662
LOC00244,FL,Lee,26.6387,-81.821,360490,Masonry,Single Family,0.02,7210,360490
LOC00245,FL,Lee,26.5011,-81.802,330942,Wood Frame,Single Family,0.05,16547,330942
LOC00246,FL,Collier,26.0814,-81.4708,626032,Wood Frame,Single Family,0.05,31302,626032
LOC00247,FL,Lee,26.4786,-81.7222,148360,Masonry,Single Family,0.05,7418,148360
LOC00248,FL,Palm Beach,26.3848,-80.2866,812282,Manufactured,Mobile Home,0.05,40614,812282
LOC00249,FL,Broward,26.0122,-80.2986,513579,Masonry,Single Family,0.1,51358,513579
LOC00250,FL,Palm Beach,26.4689,-80.1989,116367,Masonry,Single Family,0.05,5818,116367
LOC00251,FL,Pinellas,27.675,-82.7098,952513,Masonry,Condo,0.1,95251,952513
LOC00252,FL,Collier,25.9805,-81.6649,2237610,Masonry,Single Family,0.02,44752,2237610
LOC00253,FL,Palm Beach,26.7825,-80.3486,802106,Masonry,Condo,0.05,40105,802106
LOC00254,FL,Broward,26.1456,-80.2907,1142760,Reinforced Concrete,Single Family,0.02,22855,1142760
LOC00255,FL,Broward,26.2791,-80.3768,373992,Masonry,Single Family,0.05,18700,373992
LOC00256,FL,Hillsborough,27.9911,-82.2914,87345,Manufactured,Mobile Home,0.05,4367,87345
LOC00257,FL,Hillsborough,28.0283,-82.3794,75025,Masonry,Condo,0.1,7502,75025
LOC00258,FL,Miami-Dade,25.5199,-80.51,430750,Masonry,Condo,0.05,21538,430750
LOC00259,FL,Miami-Dade,25.6624,-80.3766,212790,Reinforced Concrete,Single Family,0.05,10640,212790
LOC00260,FL,Lee,26.6229,-81.8849,162670,Wood Frame,Condo,0.02,3253,162670
LOC00261,FL,Miami-Dade,25.5523,-80.3421,330603,Masonry,Single Family,0.02,6612,330603
LOC00262,FL,Collier,26.156,-81.3814,581533,Wood Frame,Single Family,0.05,29077,581533
LOC00263,FL,Broward,26.2066,-80.2723,103924,Masonry,Single Family,0.02,2078,103924
LOC00264,FL,Miami-Dade,25.555,-80.3515,239713,Masonry,Single Family,0.02,4794,239713
LOC00265,FL,Monroe,24.6877,-81.1078,1224403,Masonry,Single Family,0.1,122440,1224403
LOC00266,FL,Miami-Dade,25.4916,-80.5287,142298,Masonry,Single Family,0.1,14230,142298
LOC00267,FL,Broward,26.1587,-80.1417,718584,Wood Frame,Condo,0.05,35929,718584
LOC00268,FL,Miami-Dade,25.6427,-80.4923,232664,Masonry,Condo,0.05,11633,232664
LOC00269,FL,Miami-Dade,25.5307,-80.5044,548706,Manufactured,Mobile Home,0.1,54871,548706
LOC00270,FL,Miami-Dade,25.6127,-80.4039,868480,Reinforced Concrete,Single Family,0.02,17370,868480
LOC00271,FL,Miami-Dade,25.6671,-80.409,645688,Manufactured,Mobile Home,0.05,32284,645688
LOC00272,FL,Miami-Dade,25.6718,-80.4903,742545,Masonry,Single Family,0.05,37127,742545
LOC00273,FL,Miami-Dade,25.7652,-80.4305,133539,Wood Frame,Single Family,0.1,13354,133539
LOC00274,FL,Lee,26.6777,-81.7771,880369,Masonry,Condo,0.1,88037,880369
LOC00275,FL,Pinellas,27.7999,-82.7806,171271,Masonry,Single Family,0.05,8564,171271
LOC00276,FL,Palm Beach,26.8184,-80.3394,432353,Masonry,Single Family,0.02,8647,432353
LOC00277,FL,Broward,26.0969,-80.2057,431887,Masonry,Single Family,0.05,21594,431887
LOC00278,FL,Palm Beach,26.7545,-80.1508,521678,Masonry,Single Family,0.02,10434,521678
LOC00279,FL,Collier,26.1068,-81.6621,461136,Masonry,Condo,0.1,46114,461136
LOC00280,FL,Collier,26.0588,-81.7582,172542,Masonry,Single Family,0.02,3451,172542
LOC00281,FL,Miami-Dade,25.4292,-80.4745,113219,Wood Frame,Single Family,0.02,2264,113219
LOC00282,FL,Miami-Dade,25.5928,-80.4055,720134,Reinforced Concrete,Single Family,0.05,36007,720134
LOC00283,FL,Broward,25.9941,-80.1834,406619,Masonry,Single Family,0.05,20331,406619
LOC00284,FL,Broward,26.2467,-80.4037,906941,Masonry,Condo,0.1,90694,906941
LOC00285,FL,Lee,26.7017,-81.9085,335599,Manufactured,Mobile Home,0.02,6712,335599
LOC00286,FL,Palm Beach,26.5703,-80.1325,108124,Wood Frame,Condo,0.1,10812,108124
LOC00287,FL,Miami-Dade,25.6402,-80.6381,778613,Masonry,Condo,0.02,15572,778613
LOC00288,FL,Broward,26.0775,-80.1966,255905,Reinforced Concrete,Single Family,0.02,5118,255905
LOC00289,FL,Lee,26.4872,-82.0182,463078,Wood Frame,Condo,0.05,23154,463078
LOC00290,FL,Miami-Dade,25.6874,-80.3668,203184,Wood Frame,Single Family,0.02,4064,203184
LOC00291,FL,Collier,26.0961,-81.5753,1369403,Wood Frame,Single Family,0.05,68470,1369403
LOC00292,FL,Miami-Dade,25.784,-80.2915,167900,Masonry,Single Family,0.02,3358,167900
LOC00293,FL,Monroe,24.7518,-80.9449,263020,Reinforced Concrete,Single Family,0.02,5260,263020
LOC00294,FL,Miami-Dade,25.7099,-80.6377,380930,Masonry,Condo,0.05,19046,380930
LOC00295,FL,Collier,26.1097,-81.6785,140310,Masonry,Condo,0.02,2806,140310
LOC00296,FL,Collier,26.1796,-81.5862,458672,Manufactured,Mobile Home,0.05,22934,458672
LOC00297,FL,Monroe,24.7553,-81.0195,1332967,Masonry,Single Family,0.05,66648,1332967
LOC00298,FL,Hillsborough,27.945,-82.2522,231556,Masonry,Single Family,0.02,4631,231556
LOC00299,FL,Hillsborough,27.9385,-82.2211,484025,Wood Frame,Condo,0.05,24201,484025
LOC00300,FL,Pinellas,27.8164,-82.6392,35308,Wood Frame,Single Family,0.02,706,35308
LOC00301,FL,Hillsborough,28.0162,-82.3214,337224,Masonry,Single Family,0.05,16861,337224
LOC00302,FL,Miami-Dade,25.675,-80.5846,268415,Masonry,Single Family,0.02,5368,268415
LOC00303,FL,Lee,26.6094,-81.9455,176217,Manufactured,Mobile Home,0.1,17622,176217
LOC00304,FL,Palm Beach,26.8037,-80.1584,857075,Masonry,Condo,0.05,42854,857075
LOC00305,FL,Collier,26.2449,-81.709,265481,Masonry,Single Family,0.05,13274,265481
LOC00306,FL,Palm Beach,26.6125,-80.1369,300485,Reinforced Concrete,Single Family,0.1,30048,300485
LOC00307,FL,Palm Beach,26.6873,-80.1092,254455,Masonry,Single Family,0.05,12723,254455
LOC00308,FL,Pinellas,27.8376,-82.6873,70619,Masonry,Single Family,0.1,7062,70619
LOC00309,FL,Broward,26.1523,-80.6064,135737,Wood Frame,Single Family,0.05,6787,135737
LOC00310,FL,Miami-Dade,25.55,-80.5278,775356,Reinforced Concrete,Single Family,0.1,77536,775356
LOC00311,FL,Palm Beach,26.812,-80.0114,60130,Masonry,Single Family,0.1,6013,60130
LOC00312,FL,Palm Beach,26.6864,-80.2547,184041,Masonry,Single Family,0.1,18404,184041
LOC00313,FL,Broward,26.1282,-80.4984,249727,Wood Frame,Single Family,0.02,4995,249727
LOC00314,FL,Broward,26.2694,-80.1765,1487451,Masonry,Single Family,0.05,74373,1487451
LOC00315,FL,Broward,25.9329,-80.2987,660544,Masonry,Single Family,0.1,66054,660544
LOC00316,FL,Broward,25.9486,-80.1895,219047,Masonry,Condo,0.05,10952,219047
LOC00317,FL,Broward,26.2296,-80.2723,1031983,Wood Frame,Single Family,0.02,20640,1031983
LOC00318,FL,Pinellas,27.906,-82.6541,188037,Reinforced Concrete,Condo,0.1,18804,188037
LOC00319,FL,Broward,26.175,-80.2637,806973,Masonry,Single Family,0.02,16139,806973
LOC00320,FL,Monroe,24.6674,-80.9303,112373,Masonry,Single Family,0.05,5619,112373
LOC00321,FL,Monroe,24.7977,-80.7723,851249,Masonry,Single Family,0.05,42562,851249
LOC00322,FL,Palm Beach,26.8504,-80.1029,248398,Reinforced Concrete,Single Family,0.02,4968,248398
LOC00323,FL,Broward,26.2324,-80.458,147950,Reinforced Concrete,Single Family,0.05,7398,147950
LOC00324,FL,Lee,26.567,-81.8553,290724,Masonry,Condo,0.02,5814,290724
LOC00325,FL,Collier,26.0561,-81.4859,438809,Manufactured,Mobile Home,0.05,21940,438809
LOC00326,FL,Pinellas,27.8605,-82.5797,230731,Masonry,Single Family,0.1,23073,230731
LOC00327,FL,Hillsborough,27.7371,-82.3427,552446,Masonry,Single Family,0.05,27622,552446
LOC00328,FL,Lee,26.5758,-81.7835,214387,Reinforced Concrete,Condo,0.05,10719,214387
LOC00329,FL,Pinellas,27.9845,-82.6072,583855,Masonry,Single Family,0.02,11677,583855
LOC00330,FL,Broward,25.9924,-80.0427,503374,Wood Frame,Single Family,0.1,50337,503374
LOC00331,FL,Hillsborough,27.8839,-82.375,331106,Wood Frame,Condo,0.1,33111,331106
LOC00332,FL,Miami-Dade,25.4943,-80.4507,241214,Reinforced Concrete,Single Family,0.02,4824,241214
LOC00333,FL,Pinellas,27.8035,-82.7306,395174,Reinforced Concrete,Single Family,0.05,19759,395174
LOC00334,FL,Collier,26.1053,-81.649,550747,Reinforced Concrete,Single Family,0.05,27537,550747
LOC00335,FL,Miami-Dade,25.4016,-80.489,1938596,Masonry,Single Family,0.05,96930,1938596
LOC00336,FL,Lee,26.6114,-82.1763,761491,Masonry,Single Family,0.05,38075,761491
LOC00337,FL,Miami-Dade,25.6854,-80.4435,785032,Reinforced Concrete,Condo,0.05,39252,785032
LOC00338,FL,Hillsborough,27.9249,-82.2631,4557433,Masonry,Single Family,0.05,227872,4557433
LOC00339,FL,Miami-Dade,25.3619,-80.4493,535244,Wood Frame,Condo,0.02,10705,535244
LOC00340,FL,Monroe,24.7004,-80.8065,521470,Reinforced Concrete,Condo,0.05,26074,521470
LOC00341,FL,Miami-Dade,25.7333,-80.3987,625962,Wood Frame,Condo,0.1,62596,625962
LOC00342,FL,Monroe,24.5222,-80.8709,150376,Masonry,Single Family,0.02,3008,150376
LOC00343,FL,Hillsborough,27.9152,-82.2739,240708,Masonry,Single Family,0.05,12035,240708
LOC00344,FL,Lee,26.432,-81.8174,228548,Masonry,Single Family,0.02,4571,228548
LOC00345,FL,Hillsborough,28.0305,-82.2721,597248,Masonry,Single Family,0.1,59725,597248
LOC00346,FL,Hillsborough,27.8825,-82.1631,301313,Manufactured,Mobile Home,0.05,15066,301313
LOC00347,FL,Monroe,24.8404,-80.9944,390816,Masonry,Single Family,0.05,19541,390816
LOC00348,FL,Broward,26.2065,-80.2504,861370,Wood Frame,Condo,0.02,17227,861370
LOC00349,FL,Lee,26.7336,-81.8634,714640,Reinforced Concrete,Single Family,0.05,35732,714640
LOC00350,FL,Miami-Dade,25.5897,-80.4288,304453,Wood Frame,Single Family,0.1,30445,304453
LOC00351,FL,Lee,26.5876,-81.8595,199408,Masonry,Single Family,0.05,9970,199408
LOC00352,FL,Miami-Dade,25.4615,-80.1766,896356,Masonry,Condo,0.05,44818,896356
LOC00353,FL,Lee,26.669,-81.927,663458,Wood Frame,Single Family,0.05,33173,663458
LOC00354,FL,Lee,26.4739,-81.8581,91456,Wood Frame,Single Family,0.05,4573,91456
LOC00355,FL,Palm Beach,26.5939,-80.0742,268390,Masonry,Condo,0.05,13420,268390
LOC00356,FL,Lee,26.5478,-81.786,399798,Wood Frame,Single Family,0.05,19990,399798
LOC00357,FL,Hillsborough,27.7937,-82.2988,666192,Wood Frame,Single Family,0.02,13324,666192
LOC00358,FL,Hillsborough,27.9729,-82.5383,743128,Masonry,Single Family,0.05,37156,743128
LOC00359,FL,Palm Beach,26.7467,-80.1483,441212,Reinforced Concrete,Single Family,0.1,44121,441212
LOC00360,FL,Lee,26.5793,-82.1219,567028,Masonry,Single Family,0.1,56703,567028
LOC00361,FL,Monroe,24.6411,-80.853,367439,Masonry,Single Family,0.1,36744,367439
LOC00362,FL,Miami-Dade,25.5976,-80.3831,198768,Reinforced Concrete,Single Family,0.05,9938,198768
LOC00363,FL,Miami-Dade,25.6842,-80.3,280239,Masonry,Single Family,0.02,5605,280239
LOC00364,FL,Miami-Dade,25.4222,-80.4902,353884,Masonry,Single Family,0.05,17694,353884
LOC00365,FL,Pinellas,27.7925,-82.8553,338420,Masonry,Single Family,0.1,33842,338420
LOC00366,FL,Palm Beach,26.7377,-80.1739,72480,Masonry,Single Family,0.05,3624,72480
LOC00367,FL,Hillsborough,27.977,-82.3034,250193,Masonry,Single Family,0.05,12510,250193
LOC00368,FL,Pinellas,27.9412,-82.7492,365020,Masonry,Single Family,0.05,18251,365020
LOC00369,FL,Broward,26.3359,-80.2915,275587,Wood Frame,Single Family,0.05,13779,275587
LOC00370,FL,Collier,26.1469,-81.3233,283628,Masonry,Single Family,0.1,28363,283628
LOC00371,FL,Hillsborough,28.0158,-82.2165,522925,Manufactured,Mobile Home,0.05,26146,522925
LOC00372,FL,Broward,26.4211,-80.1951,141864,Wood Frame,Condo,0.05,7093,141864
LOC00373,FL,Broward,26.1286,-80.2156,89813,Masonry,Single Family,0.02,1796,89813
LOC00374,FL,Broward,26.0702,-80.1521,260679,Wood Frame,Single Family,0.05,13034,260679
LOC00375,FL,Miami-Dade,25.6528,-80.419,658080,Masonry,Single Family,0.05,32904,658080
LOC00376,FL,Miami-Dade,25.6539,-80.6055,1419612,Masonry,Condo,0.1,141961,1419612
LOC00377,FL,Monroe,24.7473,-81.0189,668024,Masonry,Single Family,0.05,33401,668024
LOC00378,FL,Palm Beach,26.5468,-80.1188,102591,Wood Frame,Single Family,0.05,5130,102591
LOC00379,FL,Palm Beach,26.881,-80.297,287063,Wood Frame,Single Family,0.05,14353,287063
LOC00380,FL,Hillsborough,27.9827,-82.3176,431307,Reinforced Concrete,Single Family,0.05,21565,431307
LOC00381,FL,Lee,26.4768,-81.9692,403838,Masonry,Single Family,0.05,20192,403838
LOC00382,FL,Monroe,24.8916,-80.8498,545749,Masonry,Condo,0.02,10915,545749
LOC00383,FL,Hillsborough,27.9391,-82.2251,162336,Manufactured,Mobile Home,0.1,16234,162336
LOC00384,FL,Palm Beach,26.6247,-80.1348,367685,Masonry,Single Family,0.05,18384,367685
LOC00385,FL,Broward,26.2062,-80.2378,494279,Wood Frame,Single Family,0.05,24714,494279
LOC00386,FL,Monroe,24.6708,-81.0037,692685,Masonry,Single Family,0.02,13854,692685
LOC00387,FL,Pinellas,27.9353,-82.6802,178102,Masonry,Single Family,0.05,8905,178102
LOC00388,FL,Monroe,24.9913,-81.1185,261333,Wood Frame,Single Family,0.05,13067,261333
LOC00389,FL,Miami-Dade,25.6566,-80.6186,36675,Reinforced Concrete,Single Family,0.1,3668,36675
LOC00390,FL,Collier,26.0624,-81.585,207630,Wood Frame,Condo,0.02,4153,207630
LOC00391,FL,Pinellas,27.8493,-82.6676,225102,Manufactured,Mobile Home,0.1,22510,225102
LOC00392,FL,Miami-Dade,25.569,-80.2791,149053,Masonry,Single Family,0.05,7453,149053
LOC00393,FL,Lee,26.5246,-81.7429,399830,Masonry,Single Family,0.02,7997,399830
LOC00394,FL,Pinellas,27.8622,-82.543,332481,Masonry,Single Family,0.02,6650,332481
LOC00395,FL,Miami-Dade,25.7016,-80.4998,53103,Masonry,Single Family,0.02,1062,53103
LOC00396,FL,Palm Beach,26.4767,-80.2352,416789,Wood Frame,Single Family,0.1,41679,416789
LOC00397,FL,Collier,26.1862,-81.552,160819,Reinforced Concrete,Single Family,0.02,3216,160819
LOC00398,FL,Broward,26.112,-80.0468,521924,Masonry,Single Family,0.05,26096,521924
LOC00399,FL,Palm Beach,26.6877,-80.052,119815,Reinforced Concrete,Condo,0.05,5991,119815
LOC00400,FL,Palm Beach,26.5373,-80.0881,357145,Reinforced Concrete,Single Family,0.1,35714,357145
LOC00401,FL,Broward,26.2829,-80.3388,275176,Reinforced Concrete,Single Family,0.05,13759,275176
LOC00402,FL,Monroe,24.9246,-81.0883,448320,Masonry,Single Family,0.05,22416,448320
LOC00403,FL,Hillsborough,28.046,-82.2211,386440,Manufactured,Mobile Home,0.02,7729,386440
LOC00404,FL,Miami-Dade,25.4585,-80.5101,281666,Masonry,Single Family,0.1,28167,281666
LOC00405,FL,Monroe,24.8829,-81.0238,96943,Masonry,Single Family,0.02,1939,96943
LOC00406,FL,Collier,26.1405,-81.6115,101830,Masonry,Single Family,0.02,2037,101830
LOC00407,FL,Broward,25.9895,-80.1407,214228,Masonry,Single Family,0.1,21423,214228
LOC00408,FL,Collier,26.0976,-81.6355,345940,Manufactured,Mobile Home,0.02,6919,345940
LOC00409,FL,Miami-Dade,25.6465,-80.6439,209927,Masonry,Single Family,0.02,4199,209927
LOC00410,FL,Monroe,24.8556,-80.9496,586212,Manufactured,Mobile Home,0.05,29311,586212
LOC00411,FL,Pinellas,27.9177,-82.7699,276080,Wood Frame,Single Family,0.05,13804,276080
LOC00412,FL,Pinellas,27.9291,-82.6957,155981,Reinforced Concrete,Single Family,0.02,3120,155981
LOC00413,FL,Miami-Dade,25.7574,-80.4087,276339,Wood Frame,Single Family,0.05,13817,276339
LOC00414,FL,Collier,26.2226,-81.6274,420397,Reinforced Concrete,Single Family,0.05,21020,420397
LOC00415,FL,Miami-Dade,25.3233,-80.321,456525,Wood Frame,Single Family,0.05,22826,456525
LOC00416,FL,Broward,26.1183,-80.4533,1664054,Wood Frame,Single Family,0.02,33281,1664054
LOC00417,FL,Miami-Dade,25.5935,-80.4517,199588,Reinforced Concrete,Single Family,0.05,9979,199588
LOC00418,FL,Hillsborough,27.7748,-82.2316,327662,Reinforced Concrete,Condo,0.1,32766,327662
LOC00419,FL,Miami-Dade,25.6194,-80.4614,496672,Manufactured,Mobile Home,0.02,9933,496672
LOC00420,FL,Monroe,24.9249,-81.1609,341606,Masonry,Single Family,0.02,6832,341606
LOC00421,FL,Pinellas,27.7913,-82.6331,229607,Reinforced Concrete,Single Family,0.02,4592,229607
LOC00422,FL,Miami-Dade,25.6436,-80.2877,95901,Masonry,Condo,0.05,4795,95901
LOC00423,FL,Miami-Dade,25.5184,-80.4045,227662,Reinforced Concrete,Single Family,0.02,4553,227662
LOC00424,FL,Miami-Dade,25.5428,-80.5961,142486,Masonry,Condo,0.05,7124,142486
LOC00425,FL,Lee,26.6977,-81.8294,82737,Masonry,Single Family,0.1,8274,82737
LOC00426,FL,Hillsborough,27.8957,-82.466,179597,Masonry,Condo,0.02,3592,179597
LOC00427,FL,Broward,26.1962,-80.2691,145678,Wood Frame,Single Family,0.05,7284,145678
LOC00428,FL,Collier,25.9129,-81.6887,566339,Masonry,Single Family,0.02,11327,566339
LOC00429,FL,Miami-Dade,25.7962,-80.516,574558,Masonry,Single Family,0.02,11491,574558
LOC00430,FL,Hillsborough,28.0103,-82.3442,164125,Wood Frame,Single Family,0.05,8206,164125
LOC00431,FL,Monroe,24.7818,-81.0183,280481,Reinforced Concrete,Condo,0.05,14024,280481
LOC00432,FL,Hillsborough,28.0076,-82.3644,74149,Manufactured,Mobile Home,0.1,7415,74149
LOC00433,FL,Pinellas,27.759,-82.6411,230810,Masonry,Single Family,0.05,11540,230810
LOC00434,FL,Collier,26.2183,-81.6446,485575,Wood Frame,Single Family,0.02,9712,485575
LOC00435,FL,Miami-Dade,25.5776,-80.302,692262,Masonry,Single Family,0.05,34613,692262
LOC00436,FL,Miami-Dade,25.5896,-80.3719,192387,Wood Frame,Single Family,0.02,3848,192387
LOC00437,FL,Miami-Dade,25.5608,-80.4698,836215,Wood Frame,Single Family,0.1,83622,836215
LOC00438,FL,Palm Beach,26.5919,-80.2866,98619,Masonry,Condo,0.05,4931,98619
LOC00439,FL,Hillsborough,28.0195,-82.4647,123278,Wood Frame,Condo,0.05,6164,123278
LOC00440,FL,Pinellas,27.9256,-82.6709,628912,Wood Frame,Single Family,0.05,31446,628912
LOC00441,FL,Collier,26.1652,-81.6355,1400324,Masonry,Single Family,0.05,70016,1400324
LOC00442,FL,Miami-Dade,25.6091,-80.6372,525299,Wood Frame,Single Family,0.05,26265,525299
LOC00443,FL,Hillsborough,28.0013,-82.3536,336828,Reinforced Concrete,Single Family,0.02,6737,336828
LOC00444,FL,Miami-Dade,25.5681,-80.4901,56011,Masonry,Single Family,0.02,1120,56011
LOC00445,FL,Broward,26.373,-80.1424,64674,Wood Frame,Single Family,0.02,1293,64674
LOC00446,FL,Pinellas,27.7432,-82.8703,387959,Masonry,Single Family,0.05,19398,387959
LOC00447,FL,Monroe,24.9261,-81.1441,258540,Wood Frame,Single Family,0.05,12927,258540
LOC00448,FL,Lee,26.6868,-81.789,138725,Masonry,Condo,0.02,2774,138725
LOC00449,FL,Miami-Dade,25.5248,-80.2643,367866,Wood Frame,Single Family,0.05,18393,367866
LOC00450,FL,Lee,26.7729,-81.9745,383374,Reinforced Concrete,Single Family,0.05,19169,383374
LOC00451,FL,Miami-Dade,25.7095,-80.4632,764664,Wood Frame,Single Family,0.02,15293,764664
LOC00452,FL,Collier,26.1971,-81.5384,390289,Masonry,Condo,0.1,39029,390289
LOC00453,FL,Pinellas,27.9028,-82.9327,968612,Wood Frame,Single Family,0.05,48431,968612
LOC00454,FL,Miami-Dade,25.5883,-80.5861,350659,Wood Frame,Single Family,0.05,17533,350659
LOC00455,FL,Miami-Dade,25.5891,-80.4281,316441,Masonry,Single Family,0.05,15822,316441
LOC00456,FL,Miami-Dade,25.6491,-80.245,844933,Masonry,Single Family,0.05,42247,844933
LOC00457,FL,Monroe,24.9401,-81.0436,154247,Reinforced Concrete,Single Family,0.1,15425,154247
LOC00458,FL,Palm Beach,26.6681,-80.1899,3627649,Wood Frame,Condo,0.05,181382,3627649
LOC00459,FL,Hillsborough,27.8589,-82.1866,476078,Wood Frame,Single Family,0.05,23804,476078
LOC00460,FL,Pinellas,27.9824,-82.4893,478291,Masonry,Single Family,0.1,47829,478291
LOC00461,FL,Lee,26.6421,-81.9577,539331,Masonry,Single Family,0.1,53933,539331
LOC00462,FL,Miami-Dade,25.6755,-80.4017,1662333,Reinforced Concrete,Condo,0.1,166233,1662333
LOC00463,FL,Monroe,24.8745,-80.8178,673821,Reinforced Concrete,Condo,0.02,13476,673821
LOC00464,FL,Broward,26.1229,-80.4522,91548,Reinforced Concrete,Condo,0.02,1831,91548
LOC00465,FL,Lee,26.4571,-81.7972,1120606,Wood Frame,Single Family,0.05,56030,1120606
LOC00466,FL,Pinellas,27.8132,-82.8018,262262,Masonry,Condo,0.05,13113,262262
LOC00467,FL,Pinellas,27.7365,-82.6898,380837,Masonry,Condo,0.05,19042,380837
LOC00468,FL,Monroe,24.8237,-81.0243,120074,Masonry,Single Family,0.05,6004,120074
LOC00469,FL,Miami-Dade,25.6017,-80.4958,539828,Masonry,Single Family,0.02,10797,539828
LOC00470,FL,Palm Beach,26.606,-80.2983,202523,Wood Frame,Condo,0.02,4050,202523
LOC00471,FL,Palm Beach,26.3544,-80.1724,378629,Masonry,Single Family,0.05,18931,378629
LOC00472,FL,Palm Beach,26.5253,-80.1004,274961,Reinforced Concrete,Single Family,0.02,5499,274961
LOC00473,FL,Miami-Dade,25.7221,-80.413,1729932,Masonry,Single Family,0.05,86497,1729932
LOC00474,FL,Miami-Dade,25.5435,-80.393,1814380,Reinforced Concrete,Single Family,0.05,90719,1814380
LOC00475,FL,Broward,26.1861,-80.2429,362087,Masonry,Single Family,0.05,18104,362087
LOC00476,FL,Broward,26.0109,-80.3972,367390,Wood Frame,Single Family,0.05,18370,367390
LOC00477,FL,Palm Beach,26.7939,-80.126,255251,Masonry,Condo,0.05,12763,255251
LOC00478,FL,Lee,26.5356,-81.8181,874778,Wood Frame,Single Family,0.05,43739,874778
LOC00479,FL,Pinellas,27.929,-82.4396,264890,Masonry,Single Family,0.02,5298,264890
LOC00480,FL,Palm Beach,26.8826,-80.2376,245273,Wood Frame,Single Family,0.05,12264,245273
LOC00481,FL,Palm Beach,26.8016,-80.2458,786735,Masonry,Single Family,0.05,39337,786735
LOC00482,FL,Miami-Dade,25.5793,-80.3231,222515,Manufactured,Mobile Home,0.02,4450,222515
LOC00483,FL,Lee,26.4907,-81.8181,337554,Reinforced Concrete,Single Family,0.05,16878,337554
LOC00484,FL,Broward,26.1174,-80.3535,93376,Masonry,Single Family,0.1,9338,93376
LOC00485,FL,Miami-Dade,25.661,-80.4403,626054,Wood Frame,Single Family,0.02,12521,626054
LOC00486,FL,Palm Beach,26.6395,-80.1459,1752917,Manufactured,Mobile Home,0.05,87646,1752917
LOC00487,FL,Palm Beach,26.6105,-80.2828,634996,Masonry,Single Family,0.1,63500,634996
LOC00488,FL,Broward,26.2967,-80.3411,1176367,Masonry,Condo,0.1,117637,1176367
LOC00489,FL,Lee,26.5386,-81.891,172213,Masonry,Single Family,0.05,8611,172213
LOC00490,FL,Lee,26.78,-81.8004,424076,Wood Frame,Single Family,0.05,21204,424076
LOC00491,FL,Pinellas,27.9091,-82.7605,158845,Masonry,Condo,0.1,15884,158845
LOC00492,FL,Pinellas,28.0785,-82.8842,288165,Masonry,Single Family,0.05,14408,288165
LOC00493,FL,Pinellas,27.9357,-82.8917,662531,Masonry,Single Family,0.02,13251,662531
LOC00494,FL,Broward,26.2463,-80.4259,379149,Wood Frame,Single Family,0.02,7583,379149
LOC00495,FL,Hillsborough,27.8775,-82.4313,107453,Reinforced Concrete,Condo,0.05,5373,107453
LOC00496,FL,Lee,26.4646,-81.9155,116551,Wood Frame,Condo,0.05,5828,116551
LOC00497,FL,Palm Beach,26.696,-80.3189,110307,Wood Frame,Condo,0.02,2206,110307
LOC00498,FL,Pinellas,27.9989,-82.7703,524434,Wood Frame,Single Family,0.05,26222,524434
LOC00499,FL,Broward,26.154,-80.3774,1941981,Masonry,Condo,0.05,97099,1941981
LOC00500,FL,Palm Beach,26.5214,-80.2441,1082989,Manufactured,Mobile Home,0.05,54149,1082989
LOC00501,FL,Hillsborough,27.814,-82.1677,71855,Masonry,Single Family,0.1,7186,71855
LOC00502,FL,Collier,25.9573,-81.5338,1137152,Wood Frame,Single Family,0.05,56858,1137152
LOC00503,FL,Monroe,24.6232,-80.9984,759578,Masonry,Condo,0.1,75958,759578
LOC00504,FL,Palm Beach,26.6609,-80.2461,96218,Masonry,Single Family,0.1,9622,96218
LOC00505,FL,Lee,26.6625,-81.9433,270623,Masonry,Single Family,0.02,5412,270623
LOC00506,FL,Hillsborough,27.9487,-82.2672,867175,Reinforced Concrete,Condo,0.05,43359,867175
LOC00507,FL,Broward,25.924,-80.2416,550829,Masonry,Single Family,0.02,11017,550829
LOC00508,FL,Collier,26.0809,-81.6908,117128,Wood Frame,Single Family,0.1,11713,117128
LOC00509,FL,Palm Beach,26.6337,-80.1964,579193,Reinforced Concrete,Single Family,0.02,11584,579193
LOC00510,FL,Miami-Dade,25.8196,-80.6032,58767,Reinforced Concrete,Single Family,0.05,2938,58767
LOC00511,FL,Miami-Dade,25.4643,-80.3788,289353,Masonry,Condo,0.1,28935,289353
LOC00512,FL,Collier,26.0609,-81.5238,898359,Reinforced Concrete,Single Family,0.02,17967,898359
LOC00513,FL,Miami-Dade,25.7806,-80.428,353708,Masonry,Single Family,0.1,35371,353708
LOC00514,FL,Broward,26.195,-80.1183,229928,Masonry,Condo,0.02,4599,229928
LOC00515,FL,Broward,26.2063,-80.3881,730397,Reinforced Concrete,Single Family,0.05,36520,730397
LOC00516,FL,Miami-Dade,25.6215,-80.3783,784223,Masonry,Condo,0.05,39211,784223
LOC00517,FL,Broward,26.183,-80.3036,1036742,Masonry,Single Family,0.05,51837,1036742
LOC00518,FL,Hillsborough,28.0278,-82.31,721330,Masonry,Single Family,0.05,36066,721330
LOC00519,FL,Miami-Dade,25.5291,-80.4114,857021,Masonry,Single Family,0.1,85702,857021
LOC00520,FL,Collier,26.1878,-81.5893,641203,Wood Frame,Single Family,0.05,32060,641203
LOC00521,FL,Collier,25.9627,-81.5152,434513,Reinforced Concrete,Condo,0.05,21726,434513
LOC00522,FL,Broward,26.1828,-80.1622,375283,Masonry,Condo,0.1,37528,375283
LOC00523,FL,Miami-Dade,25.6279,-80.4002,285896,Manufactured,Mobile Home,0.05,14295,285896
LOC00524,FL,Lee,26.4884,-81.8185,126950,Masonry,Single Family,0.02,2539,126950
LOC00525,FL,Miami-Dade,25.6077,-80.4702,157246,Masonry,Condo,0.1,15725,157246
LOC00526,FL,Broward,26.0877,-80.2234,275439,Masonry,Single Family,0.02,5509,275439
LOC00527,FL,Monroe,24.6928,-81.0762,425890,Manufactured,Mobile Home,0.05,21294,425890
LOC00528,FL,Monroe,24.7646,-80.8909,1155992,Masonry,Single Family,0.05,57800,1155992
LOC00529,FL,Hillsborough,27.8396,-82.0789,336420,Reinforced Concrete,Condo,0.05,16821,336420
LOC00530,FL,Broward,26.1823,-80.3122,803203,Masonry,Single Family,0.02,16064,803203
LOC00531,FL,Pinellas,27.785,-82.9193,855553,Masonry,Single Family,0.02,17111,855553
LOC00532,FL,Pinellas,27.9712,-82.7548,287283,Masonry,Condo,0.05,14364,287283
LOC00533,FL,Palm Beach,26.5319,-80.0768,571504,Masonry,Single Family,0.02,11430,571504
LOC00534,FL,Pinellas,27.8434,-82.6447,284408,Wood Frame,Single Family,0.05,14220,284408
LOC00535,FL,Miami-Dade,25.5475,-80.3751,1047236,Manufactured,Mobile Home,0.05,52362,1047236
LOC00536,FL,Miami-Dade,25.7425,-80.2991,591424,Masonry,Single Family,0.05,29571,591424
LOC00537,FL,Lee,26.583,-81.8516,129285,Wood Frame,Single Family,0.02,2586,129285
LOC00538,FL,Miami-Dade,25.5888,-80.2782,398472,Masonry,Single Family,0.05,19924,398472
LOC00539,FL,Miami-Dade,25.6599,-80.3081,1373754,Reinforced Concrete,Single Family,0.1,137375,1373754
LOC00540,FL,Collier,25.8893,-81.4478,299548,Masonry,Single Family,0.05,14977,299548
LOC00541,FL,Monroe,24.7957,-80.9641,505681,Manufactured,Mobile Home,0.02,10114,505681
LOC00542,FL,Lee,26.7498,-81.8095,548744,Manufactured,Mobile Home,0.02,10975,548744
LOC00543,FL,Collier,26.1132,-81.6307,146953,Masonry,Single Family,0.05,7348,146953
LOC00544,FL,Monroe,24.8068,-81.0601,532909,Masonry,Condo,0.1,53291,532909
LOC00545,FL,Miami-Dade,25.6648,-80.2293,109149,Wood Frame,Single Family,0.05,5457,109149
LOC00546,FL,Palm Beach,26.7396,-80.1784,206912,Reinforced Concrete,Condo,0.02,4138,206912
LOC00547,FL,Palm Beach,26.4503,-80.1195,852998,Masonry,Single Family,0.05,42650,852998
LOC00548,FL,Miami-Dade,25.4418,-80.3876,468801,Wood Frame,Single Family,0.02,9376,468801
LOC00549,FL,Hillsborough,27.971,-82.3587,270336,Manufactured,Mobile Home,0.02,5407,270336
LOC00550,FL,Palm Beach,26.5785,-80.1989,505153,Wood Frame,Condo,0.1,50515,505153
LOC00551,FL,Palm Beach,26.7812,-80.0564,331335,Reinforced Concrete,Single Family,0.05,16567,331335
LOC00552,FL,Miami-Dade,25.5785,-80.3445,352000,Wood Frame,Single Family,0.02,7040,352000
LOC00553,FL,Miami-Dade,25.4165,-80.5711,601843,Masonry,Single Family,0.05,30092,601843
LOC00554,FL,Collier,25.9732,-81.6215,190107,Wood Frame,Single Family,0.02,3802,190107
LOC00555,FL,Miami-Dade,25.335,-80.2218,360229,Wood Frame,Single Family,0.02,7205,360229
LOC00556,FL,Broward,26.1266,-80.3214,268588,Reinforced Concrete,Single Family,0.05,13429,268588
LOC00557,FL,Broward,26.1312,-80.48,93043,Wood Frame,Single Family,0.05,4652,93043
LOC00558,FL,Palm Beach,26.6076,-80.0107,161876,Wood Frame,Single Family,0.05,8094,161876
LOC00559,FL,Lee,26.6579,-81.8318,1285337,Masonry,Single Family,0.1,128534,1285337
LOC00560,FL,Palm Beach,26.7699,-80.207,479845,Reinforced Concrete,Single Family,0.02,9597,479845
LOC00561,FL,Miami-Dade,25.593,-80.4371,115723,Manufactured,Mobile Home,0.1,11572,115723
LOC00562,FL,Broward,25.9365,-80.1918,96615,Masonry,Single Family,0.05,4831,96615
LOC00563,FL,Collier,26.1617,-81.6542,317277,Wood Frame,Condo,0.02,6346,317277
LOC00564,FL,Pinellas,27.9555,-82.5852,1277847,Reinforced Concrete,Single Family,0.1,127785,1277847
LOC00565,FL,Pinellas,27.9309,-82.6458,298173,Masonry,Single Family,0.02,5963,298173
LOC00566,FL,Pinellas,27.9981,-82.6755,1034121,Reinforced Concrete,Condo,0.05,51706,1034121
LOC00567,FL,Hillsborough,27.8335,-82.2854,466921,Masonry,Single Family,0.05,23346,466921
LOC00568,FL,Miami-Dade,25.8109,-80.4175,515687,Masonry,Single Family,0.02,10314,515687
LOC00569,FL,Broward,26.0541,-80.1954,114560,Masonry,Single Family,0.1,11456,114560
LOC00570,FL,Lee,26.6249,-81.9865,760288,Masonry,Single Family,0.02,15206,760288
LOC00571,FL,Broward,25.9813,-80.4622,263568,Masonry,Single Family,0.1,26357,263568
LOC00572,FL,Collier,26.007,-81.5386,714605,Masonry,Single Family,0.02,14292,714605
LOC00573,FL,Palm Beach,26.8016,-80.1369,176853,Reinforced Concrete,Single Family,0.02,3537,176853
LOC00574,FL,Hillsborough,27.9239,-82.252,403656,Masonry,Single Family,0.05,20183,403656
LOC00575,FL,Collier,26.184,-81.5592,466949,Masonry,Single Family,0.1,46695,466949
LOC00576,FL,Palm Beach,26.6737,-80.2321,306408,Masonry,Single Family,0.02,6128,306408
LOC00577,FL,Collier,26.0895,-81.5213,487829,Masonry,Condo,0.1,48783,487829
LOC00578,FL,Lee,26.6864,-81.9046,279044,Masonry,Single Family,0.02,5581,279044
LOC00579,FL,Collier,26.0763,-81.6487,202914,Masonry,Single Family,0.05,10146,202914
LOC00580,FL,Broward,25.9719,-80.3312,1325853,Masonry,Single Family,0.05,66293,1325853
LOC00581,FL,Palm Beach,26.5697,-79.9979,834197,Wood Frame,Single Family,0.02,16684,834197
LOC00582,FL,Lee,26.6051,-82.0735,184878,Masonry,Single Family,0.1,18488,184878
LOC00583,FL,Miami-Dade,25.6496,-80.35,559151,Masonry,Single Family,0.05,27958,559151
LOC00584,FL,Palm Beach,26.4933,-80.3679,187699,Reinforced Concrete,Single Family,0.05,9385,187699
LOC00585,FL,Monroe,24.7276,-81.0108,129910,Manufactured,Mobile Home,0.05,6496,129910
LOC00586,FL,Pinellas,27.8418,-82.7434,823746,Manufactured,Mobile Home,0.05,41187,823746
LOC00587,FL,Miami-Dade,25.5735,-80.6085,84302,Masonry,Single Family,0.05,4215,84302
LOC00588,FL,Broward,26.0124,-80.2611,753566,Masonry,Single Family,0.1,75357,753566
LOC00589,FL,Miami-Dade,25.5472,-80.438,282239,Masonry,Single Family,0.05,14112,282239
LOC00590,FL,Miami-Dade,25.5371,-80.6099,292082,Masonry,Condo,0.05,14604,292082
LOC00591,FL,Monroe,24.8772,-80.916,489948,Wood Frame,Condo,0.05,24497,489948
LOC00592,FL,Palm Beach,26.7309,-80.0565,565120,Reinforced Concrete,Single Family,0.05,28256,565120
LOC00593,FL,Broward,26.1354,-80.151,175070,Reinforced Concrete,Single Family,0.05,8754,175070
LOC00594,FL,Lee,26.5108,-81.8641,633148,Masonry,Single Family,0.05,31657,633148
LOC00595,FL,Miami-Dade,25.624,-80.3954,382813,Masonry,Condo,0.05,19141,382813
LOC00596,FL,Broward,26.0683,-80.1672,122416,Wood Frame,Condo,0.05,6121,122416
LOC00597,FL,Pinellas,27.7853,-82.5318,302393,Masonry,Single Family,0.1,30239,302393
LOC00598,FL,Pinellas,27.806,-82.5866,1100092,Masonry,Single Family,0.1,110009,1100092
LOC00599,FL,Monroe,24.7365,-81.0942,1406719,Masonry,Single Family,0.1,140672,1406719
LOC00600,FL,Pinellas,27.7837,-82.6799,632950,Wood Frame,Condo,0.05,31648,632950
LOC00601,FL,Palm Beach,26.6662,-80.156,129300,Manufactured,Mobile Home,0.05,6465,129300
LOC00602,FL,Hillsborough,28.023,-82.481,524065,Masonry,Single Family,0.02,10481,524065
LOC00603,FL,Collier,25.9413,-81.5531,707365,Masonry,Single Family,0.05,35368,707365
LOC00604,FL,Hillsborough,27.9525,-82.0727,637370,Masonry,Single Family,0.02,12747,637370
LOC00605,FL,Monroe,24.778,-80.936,669597,Masonry,Single Family,0.02,13392,669597
LOC00606,FL,Hillsborough,27.9842,-82.1527,471347,Wood Frame,Condo,0.1,47135,471347
LOC00607,FL,Collier,26.0987,-81.5817,327953,Masonry,Single Family,0.1,32795,327953
LOC00608,FL,Miami-Dade,25.4646,-80.4073,209906,Reinforced Concrete,Condo,0.05,10495,209906
LOC00609,FL,Hillsborough,27.8238,-82.2619,71738,Masonry,Single Family,0.02,1435,71738
LOC00610,FL,Palm Beach,26.6529,-80.2816,462168,Wood Frame,Single Family,0.05,23108,462168
LOC00611,FL,Lee,26.6529,-81.9964,406693,Masonry,Single Family,0.05,20335,406693
LOC00612,FL,Pinellas,27.6786,-82.5734,554114,Masonry,Single Family,0.1,55411,554114
LOC00613,FL,Monroe,24.8346,-80.8628,114386,Masonry,Single Family,0.1,11439,114386
LOC00614,FL,Monroe,24.919,-81.0991,595958,Masonry,Single Family,0.05,29798,595958
LOC00615,FL,Broward,26.1347,-80.2032,1926923,Wood Frame,Single Family,0.02,38538,1926923
LOC00616,FL,Hillsborough,28.005,-82.3087,371843,Masonry,Single Family,0.02,7437,371843
LOC00617,FL,Hillsborough,27.8797,-82.266,330901,Masonry,Single Family,0.02,6618,330901
LOC00618,FL,Broward,26.1381,-80.254,450528,Masonry,Single Family,0.05,22526,450528
LOC00619,FL,Miami-Dade,25.4479,-80.3006,1891623,Wood Frame,Condo,0.02,37832,1891623
LOC00620,FL,Miami-Dade,25.3756,-80.3917,148549,Manufactured,Mobile Home,0.02,2971,148549
LOC00621,FL,Hillsborough,28.0443,-82.159,412543,Masonry,Single Family,0.02,8251,412543
LOC00622,FL,Palm Beach,26.5515,-80.1691,179003,Masonry,Condo,0.02,3580,179003
LOC00623,FL,Monroe,24.7544,-80.9376,220908,Wood Frame,Condo,0.05,11045,220908
LOC00624,FL,Palm Beach,26.5114,-80.2833,334244,Manufactured,Mobile Home,0.02,6685,334244
LOC00625,FL,Monroe,24.659,-80.7841,1069428,Masonry,Single Family,0.1,106943,1069428
LOC00626,FL,Palm Beach,26.6326,-80.153,1560220,Wood Frame,Single Family,0.02,31204,1560220
LOC00627,FL,Hillsborough,27.877,-82.2287,505861,Wood Frame,Single Family,0.02,10117,505861
LOC00628,FL,Miami-Dade,25.6478,-80.5608,254582,Masonry,Condo,0.02,5092,254582
LOC00629,FL,Lee,26.5953,-81.9823,2775261,Masonry,Condo,0.05,138763,2775261
LOC00630,FL,Hillsborough,27.9821,-82.1762,244007,Masonry,Single Family,0.02,4880,244007
LOC00631,FL,Monroe,24.8239,-80.9713,216514,Wood Frame,Single Family,0.05,10826,216514
LOC00632,FL,Collier,26.2578,-81.7914,79473,Masonry,Condo,0.02,1589,79473
LOC00633,FL,Miami-Dade,25.5032,-80.2962,1113743,Masonry,Condo,0.1,111374,1113743
LOC00634,FL,Broward,26.1445,-80.3544,779986,Masonry,Single Family,0.02,15600,779986
LOC00635,FL,Miami-Dade,25.7233,-80.2589,2607414,Masonry,Single Family,0.05,130371,2607414
LOC00636,FL,Miami-Dade,25.7365,-80.4088,109542,Masonry,Single Family,0.1,10954,109542
LOC00637,FL,Pinellas,27.7578,-82.6795,1172819,Masonry,Single Family,0.02,23456,1172819
LOC00638,FL,Pinellas,27.8688,-82.5821,369278,Wood Frame,Single Family,0.02,7386,369278
LOC00639,FL,Hillsborough,28.0858,-82.3897,681490,Masonry,Condo,0.1,68149,681490
LOC00640,FL,Collier,26.1508,-81.6993,88349,Manufactured,Mobile Home,0.02,1767,88349
LOC00641,FL,Hillsborough,27.9695,-82.3196,1182537,Wood Frame,Single Family,0.02,23651,1182537
LOC00642,FL,Hillsborough,27.9282,-82.2173,670469,Masonry,Single Family,0.05,33523,670469
LOC00643,FL,Miami-Dade,25.5716,-80.5331,337230,Wood Frame,Single Family,0.02,6745,337230
LOC00644,FL,Broward,26.1788,-80.4668,596006,Reinforced Concrete,Single Family,0.1,59601,596006
LOC00645,FL,Pinellas,27.8748,-82.6176,184167,Masonry,Single Family,0.05,9208,184167
LOC00646,FL,Collier,26.0957,-81.6603,215023,Masonry,Single Family,0.05,10751,215023
LOC00647,FL,Miami-Dade,25.6179,-80.4392,236824,Masonry,Single Family,0.02,4736,236824
LOC00648,FL,Palm Beach,26.5822,-80.3857,74490,Masonry,Single Family,0.05,3724,74490
LOC00649,FL,Pinellas,27.9532,-82.7679,713812,Wood Frame,Single Family,0.05,35691,713812
LOC00650,FL,Miami-Dade,25.9014,-80.4008,939385,Reinforced Concrete,Condo,0.02,18788,939385
LOC00651,FL,Palm Beach,26.4723,-80.107,194271,Masonry,Single Family,0.1,19427,194271
LOC00652,FL,Collier,26.1324,-81.6771,465474,Wood Frame,Single Family,0.05,23274,465474
LOC00653,FL,Pinellas,27.824,-82.5343,279243,Manufactured,Mobile Home,0.05,13962,279243
LOC00654,FL,Broward,26.2077,-80.3685,457815,Masonry,Single Family,0.02,9156,457815
LOC00655,FL,Collier,26.1047,-81.6683,206576,Masonry,Single Family,0.02,4132,206576
LOC00656,FL,Broward,26.2262,-80.1463,166944,Wood Frame,Single Family,0.05,8347,166944
LOC00657,FL,Collier,26.2176,-81.5789,836368,Masonry,Single Family,0.05,41818,836368
LOC00658,FL,Broward,26.1692,-80.3552,330294,Wood Frame,Single Family,0.05,16515,330294
LOC00659,FL,Lee,26.6632,-81.9155,1875583,Wood Frame,Single Family,0.02,37512,1875583
LOC00660,FL,Palm Beach,26.4156,-80.0647,362025,Masonry,Single Family,0.1,36202,362025
LOC00661,FL,Broward,26.309,-80.1534,161120,Masonry,Single Family,0.02,3222,161120
LOC00662,FL,Collier,26.1375,-81.6817,967441,Reinforced Concrete,Single Family,0.05,48372,967441
LOC00663,FL,Miami-Dade,25.7178,-80.4042,588946,Masonry,Single Family,0.05,29447,588946
LOC00664,FL,Miami-Dade,25.488,-80.391,637989,Reinforced Concrete,Single Family,0.02,12760,637989
LOC00665,FL,Broward,26.0669,-80.3986,938609,Masonry,Single Family,0.02,18772,938609
LOC00666,FL,Pinellas,27.9146,-82.7056,202284,Reinforced Concrete,Condo,0.02,4046,202284
LOC00667,FL,Hillsborough,27.9483,-82.2995,313316,Masonry,Single Family,0.1,31332,313316
LOC00668,FL,Monroe,24.8283,-80.886,301997,Masonry,Single Family,0.05,15100,301997
LOC00669,FL,Broward,26.2585,-80.1793,118931,Masonry,Single Family,0.05,5947,118931
LOC00670,FL,Palm Beach,26.4735,-80.2329,279697,Reinforced Concrete,Single Family,0.1,27970,279697
LOC00671,FL,Miami-Dade,25.7074,-80.4214,1059728,Manufactured,Mobile Home,0.05,52986,1059728
LOC00672,FL,Lee,26.5508,-81.8336,424434,Wood Frame,Single Family,0.05,21222,424434
LOC00673,FL,Monroe,24.7796,-81.0585,113578,Masonry,Single Family,0.05,5679,113578
LOC00674,FL,Pinellas,27.7529,-82.6411,95377,Manufactured,Mobile Home,0.05,4769,95377
LOC00675,FL,Lee,26.6003,-81.9088,1392946,Masonry,Condo,0.05,69647,1392946
LOC00676,FL,Palm Beach,26.4086,-80.2969,323101,Masonry,Condo,0.1,32310,323101
LOC00677,FL,Monroe,24.8648,-81.0957,203193,Reinforced Concrete,Single Family,0.05,10160,203193
LOC00678,FL,Palm Beach,26.5008,-80.0553,277285,Masonry,Single Family,0.05,13864,277285
LOC00679,FL,Miami-Dade,25.6153,-80.4156,101821,Wood Frame,Single Family,0.05,5091,101821
LOC00680,FL,Broward,26.1381,-80.136,1139065,Masonry,Single Family,0.1,113906,1139065
LOC00681,FL,Miami-Dade,25.727,-80.4514,251117,Masonry,Single Family,0.02,5022,251117
LOC00682,FL,Miami-Dade,25.5921,-80.3709,1087455,Wood Frame,Condo,0.1,108746,1087455
LOC00683,FL,Miami-Dade,25.5406,-80.1607,363639,Wood Frame,Single Family,0.02,7273,363639
LOC00684,FL,Palm Beach,26.5993,-80.3057,1145186,Wood Frame,Single Family,0.05,57259,1145186
LOC00685,FL,Pinellas,28.0273,-82.8898,431329,Masonry,Single Family,0.1,43133,431329
LOC00686,FL,Broward,26.2036,-80.1713,708763,Reinforced Concrete,Single Family,0.05,35438,708763
LOC00687,FL,Palm Beach,26.6114,-80.2827,633870,Masonry,Single Family,0.02,12677,633870
LOC00688,FL,Monroe,24.7764,-81.0021,585276,Wood Frame,Condo,0.1,58528,585276
LOC00689,FL,Hillsborough,27.7933,-82.3586,465370,Masonry,Single Family,0.05,23268,465370
LOC00690,FL,Lee,26.5888,-81.8732,286947,Reinforced Concrete,Single Family,0.05,14347,286947
LOC00691,FL,Broward,25.974,-80.3951,1716192,Masonry,Single Family,0.05,85810,1716192
LOC00692,FL,Collier,26.1752,-81.618,163708,Masonry,Single Family,0.05,8185,163708
LOC00693,FL,Broward,26.1629,-80.255,349584,Wood Frame,Single Family,0.05,17479,349584
LOC00694,FL,Broward,26.3887,-80.4008,352677,Manufactured,Mobile Home,0.02,7054,352677
LOC00695,FL,Collier,25.99,-81.67,486975,Reinforced Concrete,Single Family,0.05,24349,486975
LOC00696,FL,Lee,26.5397,-81.9347,243618,Reinforced Concrete,Single Family,0.1,24362,243618
LOC00697,FL,Hillsborough,28.1298,-82.4429,452688,Manufactured,Mobile Home,0.02,9054,452688
LOC00698,FL,Lee,26.6691,-81.9423,302653,Wood Frame,Single Family,0.05,15133,302653
LOC00699,FL,Pinellas,27.8304,-82.6881,93326,Manufactured,Mobile Home,0.05,4666,93326
LOC00700,FL,Broward,26.1724,-80.34,351114,Reinforced Concrete,Single Family,0.1,35111,351114
LOC00701,FL,Broward,26.1502,-80.3271,139335,Wood Frame,Single Family,0.05,6967,139335
LOC00702,FL,Broward,26.1782,-80.302,82203,Manufactured,Mobile Home,0.1,8220,82203
LOC00703,FL,Miami-Dade,25.5401,-80.4656,390377,Wood Frame,Single Family,0.02,7808,390377
LOC00704,FL,Collier,26.0911,-81.5309,522878,Masonry,Single Family,0.05,26144,522878
LOC00705,FL,Broward,25.9902,-80.1564,540051,Masonry,Single Family,0.1,54005,540051
LOC00706,FL,Lee,26.5635,-81.9464,558559,Masonry,Single Family,0.1,55856,558559
LOC00707,FL,Hillsborough,27.995,-82.2515,69698,Reinforced Concrete,Single Family,0.05,3485,69698
LOC00708,FL,Hillsborough,27.9273,-82.324,112173,Reinforced Concrete,Single Family,0.05,5609,112173
LOC00709,FL,Palm Beach,26.4885,-80.1635,1801227,Wood Frame,Condo,0.05,90061,1801227
LOC00710,FL,Palm Beach,26.7489,-80.0434,145664,Masonry,Single Family,0.02,2913,145664
LOC00711,FL,Monroe,24.8365,-80.9491,579240,Masonry,Single Family,0.1,57924,579240
LOC00712,FL,Pinellas,27.8274,-82.8773,196615,Masonry,Single Family,0.1,19662,196615
LOC00713,FL,Hillsborough,27.9219,-82.2546,372222,Reinforced Concrete,Single Family,0.05,18611,372222
LOC00714,FL,Collier,25.9499,-81.4767,205602,Masonry,Single Family,0.02,4112,205602
LOC00715,FL,Hillsborough,27.8475,-82.3222,555947,Wood Frame,Single Family,0.05,27797,555947
LOC00716,FL,Miami-Dade,25.5562,-80.3004,390345,Wood Frame,Single Family,0.02,7807,390345
LOC00717,FL,Lee,26.6728,-81.969,239831,Reinforced Concrete,Single Family,0.05,11992,239831
LOC00718,FL,Miami-Dade,25.546,-80.5486,145305,Reinforced Concrete,Single Family,0.05,7265,145305
LOC00719,FL,Pinellas,27.964,-82.6859,435326,Wood Frame,Single Family,0.02,8707,435326
LOC00720,FL,Monroe,24.7462,-81.1756,126913,Wood Frame,Single Family,0.05,6346,126913
LOC00721,FL,Palm Beach,26.6748,-80.224,497234,Manufactured,Mobile Home,0.1,49723,497234
LOC00722,FL,Palm Beach,26.6359,-80.0713,3102151,Manufactured,Mobile Home,0.02,62043,3102151
LOC00723,FL,Miami-Dade,25.6973,-80.591,1071966,Masonry,Single Family,0.05,53598,1071966
LOC00724,FL,Monroe,24.7465,-81.1279,633476,Manufactured,Mobile Home,0.05,31674,633476
LOC00725,FL,Miami-Dade,25.4527,-80.5032,324370,Wood Frame,Condo,0.02,6487,324370
LOC00726,FL,Miami-Dade,25.4718,-80.4063,69341,Wood Frame,Single Family,0.05,3467,69341
LOC00727,FL,Broward,26.0968,-80.3366,115848,Reinforced Concrete,Condo,0.05,5792,115848
LOC00728,FL,Miami-Dade,25.4851,-80.2601,1013489,Reinforced Concrete,Single Family,0.02,20270,1013489
LOC00729,FL,Palm Beach,26.691,-80.1046,180484,Reinforced Concrete,Condo,0.02,3610,180484
LOC00730,FL,Palm Beach,26.6034,-80.1505,194609,Masonry,Single Family,0.1,19461,194609
LOC00731,FL,Broward,26.3875,-80.2854,303459,Masonry,Single Family,0.05,15173,303459
LOC00732,FL,Miami-Dade,25.4362,-80.3607,143875,Reinforced Concrete,Single Family,0.05,7194,143875
LOC00733,FL,Miami-Dade,25.6304,-80.4862,125437,Manufactured,Mobile Home,0.05,6272,125437
LOC00734,FL,Palm Beach,26.5372,-80.1143,333999,Masonry,Single Family,0.1,33400,333999
LOC00735,FL,Miami-Dade,25.5607,-80.5112,165822,Masonry,Single Family,0.05,8291,165822
LOC00736,FL,Pinellas,27.9141,-82.6165,187958,Reinforced Concrete,Single Family,0.1,18796,187958
LOC00737,FL,Miami-Dade,25.3775,-80.2814,181776,Masonry,Single Family,0.05,9089,181776
LOC00738,FL,Broward,26.1737,-80.2789,538104,Reinforced Concrete,Condo,0.05,26905,538104
LOC00739,FL,Palm Beach,26.8403,-80.2176,287120,Wood Frame,Condo,0.05,14356,287120
LOC00740,FL,Palm Beach,26.6047,-80.16,300212,Reinforced Concrete,Single Family,0.05,15011,300212
LOC00741,FL,Miami-Dade,25.636,-80.6862,572578,Masonry,Single Family,0.05,28629,572578
LOC00742,FL,Miami-Dade,25.7125,-80.3698,309483,Masonry,Single Family,0.02,6190,309483
LOC00743,FL,Collier,26.0836,-81.6113,276303,Reinforced Concrete,Single Family,0.05,13815,276303
LOC00744,FL,Miami-Dade,25.5519,-80.4051,515344,Masonry,Condo,0.05,25767,515344
LOC00745,FL,Palm Beach,26.4224,-80.1293,607572,Masonry,Condo,0.02,12151,607572
LOC00746,FL,Palm Beach,26.7141,-80.2075,308189,Masonry,Single Family,0.02,6164,308189
LOC00747,FL,Broward,26.1387,-80.414,372512,Masonry,Single Family,0.05,18626,372512
LOC00748,FL,Palm Beach,26.5487,-80.2141,181685,Reinforced Concrete,Single Family,0.05,9084,181685
LOC00749,FL,Hillsborough,27.9627,-82.2932,170135,Masonry,Single Family,0.1,17014,170135
LOC00750,FL,Collier,26.0416,-81.5885,660843,Wood Frame,Single Family,0.05,33042,660843
LOC00751,FL,Broward,26.0972,-80.2838,504515,Wood Frame,Condo,0.1,50452,504515
LOC00752,FL,Broward,26.2106,-80.1961,508884,Reinforced Concrete,Single Family,0.05,25444,508884
LOC00753,FL,Broward,26.0162,-80.4086,440093,Manufactured,Mobile Home,0.02,8802,440093
LOC00754,FL,Palm Beach,26.7547,-80.1824,361993,Reinforced Concrete,Single Family,0.1,36199,361993
LOC00755,FL,Pinellas,27.7602,-82.571,622012,Reinforced Concrete,Single Family,0.02,12440,622012
LOC00756,FL,Broward,26.0837,-80.4735,758762,Wood Frame,Single Family,0.05,37938,758762
LOC00757,FL,Broward,26.3423,-80.282,743825,Masonry,Single Family,0.05,37191,743825
LOC00758,FL,Monroe,24.9127,-81.0585,320299,Masonry,Single Family,0.05,16015,320299
LOC00759,FL,Miami-Dade,25.6198,-80.4371,1105338,Masonry,Single Family,0.05,55267,1105338
LOC00760,FL,Palm Beach,26.5559,-80.2905,421308,Wood Frame,Condo,0.05,21065,421308
LOC00761,FL,Pinellas,27.8471,-82.717,589719,Masonry,Single Family,0.02,11794,589719
LOC00762,FL,Miami-Dade,25.6173,-80.2159,440545,Wood Frame,Single Family,0.02,8811,440545
LOC00763,FL,Miami-Dade,25.6138,-80.5264,427864,Masonry,Condo,0.02,8557,427864
LOC00764,FL,Miami-Dade,25.6009,-80.517,188784,Wood Frame,Single Family,0.02,3776,188784
LOC00765,FL,Monroe,24.7969,-81.1302,624575,Wood Frame,Single Family,0.05,31229,624575
LOC00766,FL,Miami-Dade,25.5886,-80.2273,3722020,Wood Frame,Single Family,0.05,186101,3722020
LOC00767,FL,Miami-Dade,25.4658,-80.4462,254964,Reinforced Concrete,Single Family,0.05,12748,254964
LOC00768,FL,Miami-Dade,25.5583,-80.4026,369543,Masonry,Condo,0.05,18477,369543
LOC00769,FL,Miami-Dade,25.7015,-80.4403,240247,Manufactured,Mobile Home,0.02,4805,240247
LOC00770,FL,Pinellas,27.7632,-82.7944,232027,Reinforced Concrete,Single Family,0.02,4641,232027
LOC00771,FL,Broward,26.131,-80.3235,1260164,Masonry,Single Family,0.05,63008,1260164
LOC00772,FL,Lee,26.468,-81.6542,198914,Masonry,Condo,0.1,19891,198914
LOC00773,FL,Lee,26.5611,-81.7608,234736,Masonry,Condo,0.05,11737,234736
LOC00774,FL,Collier,26.0611,-81.6853,92896,Masonry,Single Family,0.02,1858,92896
LOC00775,FL,Miami-Dade,25.7577,-80.3352,185380,Masonry,Condo,0.05,9269,185380
LOC00776,FL,Collier,26.1507,-81.6832,84000,Masonry,Single Family,0.1,8400,84000
LOC00777,FL,Lee,26.4188,-82.0776,589439,Reinforced Concrete,Single Family,0.05,29472,589439
LOC00778,FL,Miami-Dade,25.6771,-80.298,3583373,Reinforced Concrete,Single Family,0.02,71667,3583373
LOC00779,FL,Hillsborough,27.8725,-82.184,256692,Wood Frame,Single Family,0.02,5134,256692
LOC00780,FL,Collier,26.0423,-81.4954,86964,Masonry,Condo,0.05,4348,86964
LOC00781,FL,Broward,26.1814,-80.347,736904,Wood Frame,Single Family,0.1,73690,736904
LOC00782,FL,Monroe,24.7508,-81.0167,190177,Wood Frame,Single Family,0.05,9509,190177
LOC00783,FL,Palm Beach,26.7393,-80.125,1027554,Masonry,Single Family,0.05,51378,1027554
LOC00784,FL,Lee,26.4725,-81.8609,275436,Masonry,Single Family,0.05,13772,275436
LOC00785,FL,Monroe,24.7381,-81.0394,205848,Masonry,Single Family,0.1,20585,205848
LOC00786,FL,Broward,26.0844,-80.4619,300365,Wood Frame,Single Family,0.05,15018,300365
LOC00787,FL,Hillsborough,27.8934,-82.2886,654616,Reinforced Concrete,Single Family,0.1,65462,654616
LOC00788,FL,Broward,26.2599,-80.1921,288247,Reinforced Concrete,Single Family,0.05,14412,288247
LOC00789,FL,Hillsborough,28.0129,-82.4198,230352,Masonry,Condo,0.05,11518,230352
LOC00790,FL,Lee,26.721,-81.8361,295190,Reinforced Concrete,Single Family,0.05,14760,295190
LOC00791,FL,Miami-Dade,25.8368,-80.3668,120816,Wood Frame,Condo,0.05,6041,120816
LOC00792,FL,Palm Beach,26.5469,-80.125,484787,Masonry,Condo,0.1,48479,484787
LOC00793,FL,Broward,26.157,-80.2128,78698,Reinforced Concrete,Single Family,0.05,3935,78698
LOC00794,FL,Miami-Dade,25.4924,-80.4694,240664,Reinforced Concrete,Single Family,0.05,12033,240664
LOC00795,FL,Miami-Dade,25.5322,-80.5617,655494,Manufactured,Mobile Home,0.05,32775,655494
LOC00796,FL,Broward,26.087,-80.3534,448300,Reinforced Concrete,Single Family,0.05,22415,448300
LOC00797,FL,Miami-Dade,25.5043,-80.3111,569428,Masonry,Single Family,0.05,28471,569428
LOC00798,FL,Miami-Dade,25.5048,-80.4542,329971,Reinforced Concrete,Single Family,0.05,16499,329971
LOC00799,FL,Hillsborough,27.9356,-82.3694,922453,Masonry,Single Family,0.05,46123,922453
LOC00800,FL,Pinellas,27.7783,-82.8821,752214,Wood Frame,Single Family,0.05,37611,752214
LOC00801,FL,Hillsborough,28.0342,-82.1247,505019,Wood Frame,Condo,0.05,25251,505019
LOC00802,FL,Broward,26.0582,-80.2174,753999,Masonry,Single Family,0.02,15080,753999
LOC00803,FL,Collier,26.381,-81.523,650621,Masonry,Condo,0.05,32531,650621
LOC00804,FL,Lee,26.5049,-81.8032,241600,Masonry,Single Family,0.05,12080,241600
LOC00805,FL,Miami-Dade,25.6172,-80.3423,113783,Reinforced Concrete,Single Family,0.05,5689,113783
LOC00806,FL,Miami-Dade,25.4805,-80.4244,494295,Masonry,Single Family,0.05,24715,494295
LOC00807,FL,Pinellas,28.0706,-82.7164,548841,Masonry,Single Family,0.05,27442,548841
LOC00808,FL,Miami-Dade,25.722,-80.4428,863537,Masonry,Single Family,0.1,86354,863537
LOC00809,FL,Palm Beach,26.6797,-79.9365,159752,Masonry,Single Family,0.05,7988,159752
LOC00810,FL,Monroe,24.6653,-80.9444,163777,Masonry,Single Family,0.05,8189,163777
LOC00811,FL,Miami-Dade,25.6311,-80.4464,510837,Masonry,Single Family,0.05,25542,510837
LOC00812,FL,Miami-Dade,25.4979,-80.3535,328294,Masonry,Condo,0.05,16415,328294
LOC00813,FL,Monroe,24.9462,-81.1011,72469,Masonry,Single Family,0.05,3623,72469
LOC00814,FL,Lee,26.6309,-81.7495,476019,Masonry,Single Family,0.05,23801,476019
LOC00815,FL,Miami-Dade,25.6195,-80.4661,74509,Reinforced Concrete,Single Family,0.05,3725,74509
LOC00816,FL,Collier,25.8564,-81.5499,158568,Wood Frame,Single Family,0.02,3171,158568
LOC00817,FL,Collier,26.0017,-81.4934,1073315,Masonry,Condo,0.05,53666,1073315
LOC00818,FL,Lee,26.6188,-81.8615,1591561,Masonry,Single Family,0.02,31831,1591561
LOC00819,FL,Pinellas,28.0213,-82.6906,126603,Wood Frame,Single Family,0.05,6330,126603
LOC00820,FL,Broward,26.2609,-80.2989,264786,Masonry,Single Family,0.05,13239,264786
LOC00821,FL,Miami-Dade,25.4508,-80.4056,360916,Masonry,Single Family,0.05,18046,360916
LOC00822,FL,Lee,26.5802,-81.9577,1534757,Masonry,Single Family,0.05,76738,1534757
LOC00823,FL,Broward,26.2516,-80.3449,231093,Masonry,Single Family,0.1,23109,231093
LOC00824,FL,Pinellas,27.7342,-82.552,234189,Masonry,Condo,0.05,11709,234189
LOC00825,FL,Collier,26.0992,-81.6109,1264659,Wood Frame,Condo,0.05,63233,1264659
LOC00826,FL,Miami-Dade,25.6374,-80.4786,254965,Masonry,Single Family,0.1,25496,254965
LOC00827,FL,Lee,26.5199,-81.9516,635512,Masonry,Condo,0.05,31776,635512
LOC00828,FL,Broward,25.9648,-80.19,101835,Masonry,Single Family,0.05,5092,101835
LOC00829,FL,Collier,26.0674,-81.5324,302052,Manufactured,Mobile Home,0.02,6041,302052
LOC00830,FL,Broward,26.1173,-80.244,87484,Reinforced Concrete,Single Family,0.02,1750,87484
LOC00831,FL,Lee,26.5352,-81.9258,144670,Masonry,Single Family,0.05,7234,144670
LOC00832,FL,Lee,26.4937,-81.8427,700532,Wood Frame,Single Family,0.02,14011,700532
LOC00833,FL,Palm Beach,26.6057,-80.2644,334157,Masonry,Single Family,0.05,16708,334157
LOC00834,FL,Pinellas,27.896,-82.726,267063,Wood Frame,Condo,0.02,5341,267063
LOC00835,FL,Hillsborough,27.9942,-82.203,186752,Masonry,Single Family,0.05,9338,186752
LOC00836,FL,Lee,26.5196,-81.8126,289875,Wood Frame,Single Family,0.02,5798,289875
LOC00837,FL,Hillsborough,27.909,-82.3982,447579,Masonry,Single Family,0.02,8952,447579
LOC00838,FL,Monroe,24.8092,-81.0856,789571,Masonry,Condo,0.1,78957,789571
LOC00839,FL,Palm Beach,26.4579,-80.1891,39157,Masonry,Condo,0.05,1958,39157
LOC00840,FL,Palm Beach,26.6977,-80.0274,174282,Masonry,Single Family,0.1,17428,174282
LOC00841,FL,Miami-Dade,25.6099,-80.5916,397667,Masonry,Single Family,0.05,19883,397667
LOC00842,FL,Hillsborough,27.954,-82.2722,320810,Masonry,Single Family,0.02,6416,320810
LOC00843,FL,Lee,26.6461,-82.0376,487354,Masonry,Condo,0.05,24368,487354
LOC00844,FL,Palm Beach,26.4547,-80.2634,435241,Wood Frame,Condo,0.05,21762,435241
LOC00845,FL,Miami-Dade,25.4126,-80.4364,270248,Reinforced Concrete,Single Family,0.02,5405,270248
LOC00846,FL,Collier,26.1274,-81.6421,224646,Masonry,Condo,0.1,22465,224646
LOC00847,FL,Palm Beach,26.6493,-80.2534,283941,Masonry,Single Family,0.05,14197,283941
LOC00848,FL,Pinellas,27.917,-82.6993,906463,Wood Frame,Condo,0.05,45323,906463
LOC00849,FL,Miami-Dade,25.5638,-80.4535,189374,Masonry,Single Family,0.05,9469,189374
LOC00850,FL,Monroe,24.8664,-81.1462,330587,Masonry,Single Family,0.05,16529,330587
LOC00851,FL,Miami-Dade,25.7033,-80.322,405776,Masonry,Single Family,0.02,8116,405776
LOC00852,FL,Miami-Dade,25.6584,-80.3247,1276958,Masonry,Single Family,0.1,127696,1276958
LOC00853,FL,Collier,26.0739,-81.5157,271276,Manufactured,Mobile Home,0.05,13564,271276
LOC00854,FL,Monroe,24.5892,-81.1541,773881,Masonry,Single Family,0.02,15478,773881
LOC00855,FL,Miami-Dade,25.6869,-80.3701,971508,Reinforced Concrete,Condo,0.02,19430,971508
LOC00856,FL,Palm Beach,26.7722,-80.1324,330326,Reinforced Concrete,Condo,0.05,16516,330326
LOC00857,FL,Hillsborough,28.0145,-82.4031,292283,Wood Frame,Single Family,0.1,29228,292283
LOC00858,FL,Collier,26.012,-81.5991,264861,Manufactured,Mobile Home,0.1,26486,264861
LOC00859,FL,Broward,26.2174,-80.3116,281511,Wood Frame,Single Family,0.05,14076,281511
LOC00860,FL,Palm Beach,26.7361,-80.0158,709358,Masonry,Single Family,0.1,70936,709358
LOC00861,FL,Hillsborough,28.1059,-82.1076,422203,Reinforced Concrete,Single Family,0.05,21110,422203
LOC00862,FL,Hillsborough,27.8624,-82.4664,423711,Reinforced Concrete,Single Family,0.05,21186,423711
LOC00863,FL,Hillsborough,27.9274,-82.0506,136503,Wood Frame,Condo,0.05,6825,136503
LOC00864,FL,Lee,26.6247,-81.9915,155659,Masonry,Single Family,0.02,3113,155659
LOC00865,FL,Miami-Dade,25.6157,-80.3019,2074957,Wood Frame,Single Family,0.02,41499,2074957
LOC00866,FL,Collier,25.9883,-81.503,300398,Reinforced Concrete,Single Family,0.05,15020,300398
LOC00867,FL,Collier,26.1415,-81.6996,182750,Masonry,Single Family,0.02,3655,182750
LOC00868,FL,Hillsborough,28.0079,-82.2507,1146681,Masonry,Condo,0.1,114668,1146681
LOC00869,FL,Miami-Dade,25.6188,-80.4108,440443,Masonry,Single Family,0.1,44044,440443
LOC00870,FL,Miami-Dade,25.632,-80.3446,563690,Masonry,Condo,0.05,28184,563690
LOC00871,FL,Hillsborough,27.9241,-82.2769,310513,Masonry,Single Family,0.05,15526,310513
LOC00872,FL,Miami-Dade,25.7578,-80.2804,267160,Wood Frame,Condo,0.05,13358,267160
LOC00873,FL,Monroe,24.7099,-80.9925,302466,Masonry,Single Family,0.02,6049,302466
LOC00874,FL,Broward,26.0913,-80.3168,110162,Masonry,Single Family,0.05,5508,110162
LOC00875,FL,Pinellas,27.9011,-82.5904,323744,Masonry,Single Family,0.02,6475,323744
LOC00876,FL,Collier,26.1879,-81.542,445690,Masonry,Single Family,0.05,22284,445690
LOC00877,FL,Palm Beach,26.5003,-80.1268,1625825,Reinforced Concrete,Condo,0.02,32516,1625825
LOC00878,FL,Broward,26.019,-80.3665,374188,Masonry,Single Family,0.02,7484,374188
LOC00879,FL,Lee,26.3462,-82.0045,49890,Wood Frame,Single Family,0.02,998,49890
LOC00880,FL,Lee,26.5533,-81.9568,322116,Wood Frame,Condo,0.1,32212,322116
LOC00881,FL,Palm Beach,26.5382,-80.2621,3408221,Masonry,Single Family,0.02,68164,3408221
LOC00882,FL,Lee,26.5115,-81.8214,716556,Masonry,Single Family,0.05,35828,716556
LOC00883,FL,Monroe,24.8661,-80.9024,177337,Manufactured,Mobile Home,0.05,8867,177337
LOC00884,FL,Palm Beach,26.5858,-80.2155,569801,Wood Frame,Single Family,0.05,28490,569801
LOC00885,FL,Miami-Dade,25.6331,-80.2569,187803,Wood Frame,Condo,0.05,9390,187803
LOC00886,FL,Broward,26.1201,-80.1632,112848,Wood Frame,Single Family,0.02,2257,112848
LOC00887,FL,Palm Beach,26.7172,-80.1757,260635,Masonry,Condo,0.05,13032,260635
LOC00888,FL,Miami-Dade,25.6575,-80.4822,375914,Masonry,Single Family,0.05,18796,375914
LOC00889,FL,Miami-Dade,25.5408,-80.2425,73295,Wood Frame,Condo,0.05,3665,73295
LOC00890,FL,Pinellas,27.8831,-82.7061,133810,Masonry,Single Family,0.05,6690,133810
LOC00891,FL,Broward,26.2544,-80.2874,351343,Masonry,Condo,0.05,17567,351343
LOC00892,FL,Monroe,24.8393,-81.034,247976,Masonry,Single Family,0.05,12399,247976
LOC00893,FL,Broward,26.0103,-80.389,483892,Manufactured,Mobile Home,0.02,9678,483892
LOC00894,FL,Miami-Dade,25.6756,-80.5469,126707,Wood Frame,Single Family,0.05,6335,126707
LOC00895,FL,Hillsborough,27.8415,-82.2367,631247,Masonry,Single Family,0.02,12625,631247
LOC00896,FL,Collier,26.2413,-81.6783,130010,Reinforced Concrete,Condo,0.05,6500,130010
LOC00897,FL,Broward,26.2524,-79.994,1367617,Masonry,Single Family,0.05,68381,1367617
LOC00898,FL,Miami-Dade,25.639,-80.5086,83487,Wood Frame,Single Family,0.02,1670,83487
LOC00899,FL,Miami-Dade,25.6257,-80.5257,140267,Masonry,Condo,0.02,2805,140267
LOC00900,FL,Lee,26.5291,-81.849,493066,Wood Frame,Single Family,0.05,24653,493066
LOC00901,FL,Palm Beach,26.7179,-80.0471,1392316,Reinforced Concrete,Single Family,0.05,69616,1392316
LOC00902,FL,Broward,26.1129,-80.2935,452800,Wood Frame,Single Family,0.1,45280,452800
LOC00903,FL,Miami-Dade,25.6336,-80.3428,556557,Reinforced Concrete,Single Family,0.1,55656,556557
LOC00904,FL,Palm Beach,26.7372,-80.3844,353456,Masonry,Single Family,0.1,35346,353456
LOC00905,FL,Monroe,24.7438,-81.0678,148209,Masonry,Single Family,0.05,7410,148209
LOC00906,FL,Pinellas,27.8384,-82.8074,231619,Reinforced Concrete,Single Family,0.02,4632,231619
LOC00907,FL,Palm Beach,26.5306,-80.3895,126999,Wood Frame,Single Family,0.05,6350,126999
LOC00908,FL,Miami-Dade,25.5036,-80.3883,120129,Masonry,Single Family,0.05,6006,120129
LOC00909,FL,Broward,25.9672,-80.5243,486695,Wood Frame,Single Family,0.05,24335,486695
LOC00910,FL,Broward,26.223,-80.4322,136736,Reinforced Concrete,Single Family,0.05,6837,136736
LOC00911,FL,Hillsborough,28.1309,-82.3537,454503,Masonry,Single Family,0.02,9090,454503
LOC00912,FL,Collier,26.2425,-81.6831,117839,Wood Frame,Single Family,0.02,2357,117839
LOC00913,FL,Collier,25.9374,-81.5604,445819,Reinforced Concrete,Condo,0.02,8916,445819
LOC00914,FL,Monroe,24.8725,-80.9694,231899,Wood Frame,Single Family,0.02,4638,231899
LOC00915,FL,Monroe,24.9422,-80.9106,1123544,Wood Frame,Single Family,0.1,112354,1123544
LOC00916,FL,Monroe,24.7543,-80.9248,456082,Masonry,Single Family,0.02,9122,456082
LOC00917,FL,Miami-Dade,25.6201,-80.2859,974589,Masonry,Single Family,0.05,48729,974589
LOC00918,FL,Miami-Dade,25.4092,-80.4002,185683,Reinforced Concrete,Condo,0.1,18568,185683
LOC00919,FL,Broward,26.1767,-80.2697,365001,Manufactured,Mobile Home,0.05,18250,365001
LOC00920,FL,Lee,26.4436,-81.8488,153907,Manufactured,Mobile Home,0.05,7695,153907
LOC00921,FL,Miami-Dade,25.63,-80.3858,246857,Masonry,Single Family,0.05,12343,246857
LOC00922,FL,Collier,25.9439,-81.6397,280043,Masonry,Single Family,0.05,14002,280043
LOC00923,FL,Lee,26.6043,-81.9332,190346,Masonry,Single Family,0.05,9517,190346
LOC00924,FL,Lee,26.6525,-81.9818,126619,Wood Frame,Single Family,0.1,12662,126619
LOC00925,FL,Miami-Dade,25.5317,-80.3578,107375,Reinforced Concrete,Single Family,0.05,5369,107375
LOC00926,FL,Broward,26.0363,-80.3094,49660,Wood Frame,Single Family,0.1,4966,49660
LOC00927,FL,Miami-Dade,25.3944,-80.4663,144560,Masonry,Single Family,0.1,14456,144560
LOC00928,FL,Collier,26.0734,-81.6662,587327,Manufactured,Mobile Home,0.05,29366,587327
LOC00929,FL,Lee,26.4918,-82.021,92049,Masonry,Single Family,0.05,4602,92049
LOC00930,FL,Hillsborough,27.7949,-82.2021,111511,Masonry,Single Family,0.05,5576,111511
LOC00931,FL,Broward,26.1953,-80.2921,1547165,Masonry,Condo,0.05,77358,1547165
LOC00932,FL,Broward,26.105,-80.3863,205047,Masonry,Condo,0.05,10252,205047
LOC00933,FL,Palm Beach,26.5424,-80.1191,455068,Masonry,Single Family,0.05,22753,455068
LOC00934,FL,Hillsborough,27.8945,-82.356,594620,Reinforced Concrete,Single Family,0.1,59462,594620
LOC00935,FL,Hillsborough,28.0571,-82.4407,604709,Masonry,Single Family,0.05,30235,604709
LOC00936,FL,Miami-Dade,25.6703,-80.2979,98077,Masonry,Single Family,0.05,4904,98077
LOC00937,FL,Monroe,24.787,-81.0537,287375,Wood Frame,Single Family,0.02,5748,287375
LOC00938,FL,Miami-Dade,25.6719,-80.4409,90549,Masonry,Single Family,0.05,4527,90549
LOC00939,FL,Collier,25.9839,-81.5959,2670049,Masonry,Single Family,0.05,133502,2670049
LOC00940,FL,Miami-Dade,25.6132,-80.2857,92327,Masonry,Single Family,0.05,4616,92327
LOC00941,FL,Broward,26.1647,-80.298,145587,Wood Frame,Single Family,0.05,7279,145587
LOC00942,FL,Collier,26.053,-81.7199,146467,Reinforced Concrete,Condo,0.05,7323,146467
LOC00943,FL,Miami-Dade,25.6535,-80.3456,100194,Reinforced Concrete,Single Family,0.05,5010,100194
LOC00944,FL,Palm Beach,26.572,-80.2485,1074131,Reinforced Concrete,Single Family,0.02,21483,1074131
LOC00945,FL,Palm Beach,26.701,-80.0112,2617511,Wood Frame,Single Family,0.02,52350,2617511
LOC00946,FL,Broward,26.2052,-80.3001,234410,Reinforced Concrete,Condo,0.1,23441,234410
LOC00947,FL,Pinellas,27.6083,-82.9235,116028,Wood Frame,Single Family,0.05,5801,116028
LOC00948,FL,Collier,26.219,-81.5643,54098,Masonry,Condo,0.1,5410,54098
LOC00949,FL,Collier,25.7952,-81.4055,284270,Wood Frame,Single Family,0.02,5685,284270
LOC00950,FL,Broward,26.0884,-80.1424,267673,Masonry,Single Family,0.05,13384,267673
LOC00951,FL,Lee,26.6525,-81.7169,202536,Masonry,Single Family,0.05,10127,202536
LOC00952,FL,Broward,26.1183,-80.402,418830,Wood Frame,Single Family,0.05,20942,418830
LOC00953,FL,Broward,26.0034,-80.2088,484037,Masonry,Condo,0.05,24202,484037
LOC00954,FL,Miami-Dade,25.5006,-80.4722,455841,Masonry,Single Family,0.05,22792,455841
LOC00955,FL,Monroe,24.9027,-80.9776,267727,Reinforced Concrete,Single Family,0.1,26773,267727
LOC00956,FL,Collier,25.9078,-81.7273,139212,Masonry,Single Family,0.05,6961,139212
LOC00957,FL,Hillsborough,28.0629,-82.3644,606377,Masonry,Single Family,0.02,12128,606377
LOC00958,FL,Palm Beach,26.6445,-80.2676,351981,Wood Frame,Single Family,0.02,7040,351981
LOC00959,FL,Palm Beach,26.5308,-80.1101,729796,Reinforced Concrete,Single Family,0.05,36490,729796
LOC00960,FL,Lee,26.4917,-81.8199,672458,Manufactured,Mobile Home,0.05,33623,672458
LOC00961,FL,Lee,26.4483,-81.8723,106641,Wood Frame,Condo,0.05,5332,106641
LOC00962,FL,Palm Beach,26.7366,-80.335,105540,Masonry,Condo,0.05,5277,105540
LOC00963,FL,Miami-Dade,25.6832,-80.4312,185700,Wood Frame,Single Family,0.05,9285,185700
LOC00964,FL,Miami-Dade,25.4381,-80.4746,144569,Masonry,Single Family,0.05,7228,144569
LOC00965,FL,Monroe,24.7596,-80.913,653242,Masonry,Single Family,0.05,32662,653242
LOC00966,FL,Palm Beach,26.5637,-80.0822,466680,Masonry,Single Family,0.05,23334,466680
LOC00967,FL,Monroe,24.9294,-80.8944,869823,Masonry,Single Family,0.05,43491,869823
LOC00968,FL,Miami-Dade,25.475,-80.4755,484567,Masonry,Single Family,0.1,48457,484567
LOC00969,FL,Lee,26.7104,-82.174,414416,Masonry,Single Family,0.05,20721,414416
LOC00970,FL,Miami-Dade,25.6067,-80.5767,945770,Wood Frame,Single Family,0.1,94577,945770
LOC00971,FL,Broward,26.0338,-80.1578,515034,Masonry,Condo,0.02,10301,515034
LOC00972,FL,Miami-Dade,25.5423,-80.4401,368653,Masonry,Single Family,0.05,18433,368653
LOC00973,FL,Miami-Dade,25.5298,-80.4751,1194780,Masonry,Single Family,0.05,59739,1194780
LOC00974,FL,Monroe,24.6725,-80.8357,383390,Wood Frame,Single Family,0.05,19170,383390
LOC00975,FL,Broward,26.1595,-80.1735,270367,Masonry,Single Family,0.02,5407,270367
LOC00976,FL,Lee,26.4272,-81.8976,173404,Masonry,Condo,0.05,8670,173404
LOC00977,FL,Palm Beach,26.432,-80.2293,625447,Wood Frame,Single Family,0.05,31272,625447
LOC00978,FL,Palm Beach,26.612,-80.2132,975618,Wood Frame,Condo,0.1,97562,975618
LOC00979,FL,Lee,26.3697,-81.8773,333967,Masonry,Condo,0.05,16698,333967
LOC00980,FL,Miami-Dade,25.5348,-80.24,1034910,Masonry,Single Family,0.02,20698,1034910
LOC00981,FL,Monroe,24.7091,-80.9578,67560,Masonry,Single Family,0.05,3378,67560
LOC00982,FL,Hillsborough,27.8629,-82.2274,332617,Wood Frame,Single Family,0.05,16631,332617
LOC00983,FL,Hillsborough,28.1501,-82.1831,336897,Masonry,Single Family,0.02,6738,336897
LOC00984,FL,Palm Beach,26.6556,-80.317,190166,Masonry,Single Family,0.05,9508,190166
LOC00985,FL,Miami-Dade,25.6345,-80.3245,2534758,Manufactured,Mobile Home,0.05,126738,2534758
LOC00986,FL,Monroe,24.6224,-81.0295,329656,Masonry,Single Family,0.02,6593,329656
LOC00987,FL,Broward,26.0846,-80.5516,248067,Masonry,Condo,0.05,12403,248067
LOC00988,FL,Miami-Dade,25.6315,-80.6128,355944,Masonry,Single Family,0.05,17797,355944
LOC00989,FL,Broward,26.0475,-80.4018,65740,Manufactured,Mobile Home,0.05,3287,65740
LOC00990,FL,Hillsborough,28.0408,-82.2469,185032,Wood Frame,Single Family,0.05,9252,185032
LOC00991,FL,Pinellas,27.7797,-82.6886,789784,Masonry,Single Family,0.02,15796,789784
LOC00992,FL,Hillsborough,27.9214,-82.2816,206340,Reinforced Concrete,Single Family,0.1,20634,206340
LOC00993,FL,Hillsborough,27.8914,-82.1049,174701,Reinforced Concrete,Single Family,0.05,8735,174701
LOC00994,FL,Miami-Dade,25.6264,-80.5269,1036299,Wood Frame,Condo,0.02,20726,1036299
LOC00995,FL,Monroe,24.736,-81.0027,1063153,Masonry,Single Family,0.1,106315,1063153
LOC00996,FL,Palm Beach,26.6229,-80.1696,535704,Masonry,Single Family,0.02,10714,535704
LOC00997,FL,Pinellas,27.8764,-82.7736,238471,Wood Frame,Single Family,0.05,11924,238471
LOC00998,FL,Miami-Dade,25.5366,-80.3972,285370,Masonry,Single Family,0.05,14268,285370
LOC00999,FL,Monroe,24.8485,-81.16,178334,Masonry,Single Family,0.1,17833,178334
LOC01000,FL,Broward,26.1738,-80.159,152164,Masonry,Single Family,0.1,15216,152164
